code,name,ts_code,symbol,industry
000001,平安银行,000001.SZ,000001,
000002,万  科Ａ,000002.SZ,000002,
000004,*ST国华,000004.SZ,000004,
000006,深振业Ａ,000006.SZ,000006,
000007,全新好,000007.SZ,000007,
000008,神州高铁,000008.SZ,000008,
000009,中国宝安,000009.SZ,000009,
000010,美丽生态,000010.SZ,000010,
000011,深物业A,000011.SZ,000011,
000012,南  玻Ａ,000012.SZ,000012,
000014,沙河股份,000014.SZ,000014,
000016,深康佳Ａ,000016.SZ,000016,
000017,深中华A,000017.SZ,000017,
000019,深粮控股,000019.SZ,000019,
000020,深华发Ａ,000020.SZ,000020,
000021,深科技,000021.SZ,000021,
000025,特  力Ａ,000025.SZ,000025,
000026,飞亚达,000026.SZ,000026,
000027,深圳能源,000027.SZ,000027,
000028,国药一致,000028.SZ,000028,
000029,深深房Ａ,000029.SZ,000029,
000030,富奥股份,000030.SZ,000030,
000031,大悦城,000031.SZ,000031,
000032,深桑达Ａ,000032.SZ,000032,
000034,神州数码,000034.SZ,000034,
000035,中国天楹,000035.SZ,000035,
000036,华联控股,000036.SZ,000036,
000037,深南电A,000037.SZ,000037,
000039,中集集团,000039.SZ,000039,
000042,中洲控股,000042.SZ,000042,
000045,深纺织Ａ,000045.SZ,000045,
000048,京基智农,000048.SZ,000048,
000049,德赛电池,000049.SZ,000049,
000050,深天马Ａ,000050.SZ,000050,
000055,方大集团,000055.SZ,000055,
000056,皇庭国际,000056.SZ,000056,
000058,深 赛 格,000058.SZ,000058,
000059,华锦股份,000059.SZ,000059,
000060,中金岭南,000060.SZ,000060,
000061,农 产 品,000061.SZ,000061,
000062,深圳华强,000062.SZ,000062,
000063,中兴通讯,000063.SZ,000063,
000065,北方国际,000065.SZ,000065,
000066,中国长城,000066.SZ,000066,
000068,华控赛格,000068.SZ,000068,
000069,华侨城Ａ,000069.SZ,000069,
000070,特发信息,000070.SZ,000070,
000078,海王生物,000078.SZ,000078,
000088,盐 田 港,000088.SZ,000088,
000089,深圳机场,000089.SZ,000089,
000090,天健集团,000090.SZ,000090,
000096,广聚能源,000096.SZ,000096,
000099,中信海直,000099.SZ,000099,
000100,TCL科技,000100.SZ,000100,
000151,中成股份,000151.SZ,000151,
000153,丰原药业,000153.SZ,000153,
000155,川能动力,000155.SZ,000155,
000156,华数传媒,000156.SZ,000156,
000157,中联重科,000157.SZ,000157,
000158,常山北明,000158.SZ,000158,
000159,国际实业,000159.SZ,000159,
000166,申万宏源,000166.SZ,000166,
000301,东方盛虹,000301.SZ,000301,
000333,美的集团,000333.SZ,000333,
000338,潍柴动力,000338.SZ,000338,
000400,许继电气,000400.SZ,000400,
000401,金隅冀东,000401.SZ,000401,
000402,金 融 街,000402.SZ,000402,
000403,派林生物,000403.SZ,000403,
000404,长虹华意,000404.SZ,000404,
000407,胜利股份,000407.SZ,000407,
000408,藏格矿业,000408.SZ,000408,
000409,云鼎科技,000409.SZ,000409,
000410,沈阳机床,000410.SZ,000410,
000411,英特集团,000411.SZ,000411,
000415,渤海租赁,000415.SZ,000415,
000417,合百集团,000417.SZ,000417,
000419,通程控股,000419.SZ,000419,
000420,吉林化纤,000420.SZ,000420,
000421,南京公用,000421.SZ,000421,
000422,湖北宜化,000422.SZ,000422,
000423,东阿阿胶,000423.SZ,000423,
000425,徐工机械,000425.SZ,000425,
000426,兴业银锡,000426.SZ,000426,
000428,华天酒店,000428.SZ,000428,
000429,粤高速Ａ,000429.SZ,000429,
000430,ST张家界,000430.SZ,000430,
000488,ST晨鸣,000488.SZ,000488,
000498,山东路桥,000498.SZ,000498,
000501,武商集团,000501.SZ,000501,
000503,国新健康,000503.SZ,000503,
000504,*ST生物,000504.SZ,000504,
000505,京粮控股,000505.SZ,000505,
000506,招金黄金,000506.SZ,000506,
000507,珠海港,000507.SZ,000507,
000509,华塑控股,000509.SZ,000509,
000510,新金路,000510.SZ,000510,
000513,丽珠集团,000513.SZ,000513,
000514,渝 开 发,000514.SZ,000514,
000516,国际医学,000516.SZ,000516,
000517,荣安地产,000517.SZ,000517,
000518,*ST四环,000518.SZ,000518,
000519,中兵红箭,000519.SZ,000519,
000520,凤凰航运,000520.SZ,000520,
000521,长虹美菱,000521.SZ,000521,
000523,红棉股份,000523.SZ,000523,
000524,岭南控股,000524.SZ,000524,
000525,红太阳,000525.SZ,000525,
000526,学大教育,000526.SZ,000526,
000528,柳    工,000528.SZ,000528,
000529,广弘控股,000529.SZ,000529,
000530,冰山冷热,000530.SZ,000530,
000531,穗恒运Ａ,000531.SZ,000531,
000532,华金资本,000532.SZ,000532,
000533,顺钠股份,000533.SZ,000533,
000534,万泽股份,000534.SZ,000534,
000536,华映科技,000536.SZ,000536,
000537,绿发电力,000537.SZ,000537,
000538,云南白药,000538.SZ,000538,
000539,粤电力Ａ,000539.SZ,000539,
000541,佛山照明,000541.SZ,000541,
000543,皖能电力,000543.SZ,000543,
000544,中原环保,000544.SZ,000544,
000545,金浦钛业,000545.SZ,000545,
000546,金圆股份,000546.SZ,000546,
000547,航天发展,000547.SZ,000547,
000548,湖南投资,000548.SZ,000548,
000550,江铃汽车,000550.SZ,000550,
000551,创元科技,000551.SZ,000551,
000552,甘肃能化,000552.SZ,000552,
000553,安道麦A,000553.SZ,000553,
000554,泰山石油,000554.SZ,000554,
000555,神州信息,000555.SZ,000555,
000557,西部创业,000557.SZ,000557,
000558,天府文旅,000558.SZ,000558,
000559,万向钱潮,000559.SZ,000559,
000560,我爱我家,000560.SZ,000560,
000561,烽火电子,000561.SZ,000561,
000563,陕国投Ａ,000563.SZ,000563,
000564,供销大集,000564.SZ,000564,
000565,渝三峡Ａ,000565.SZ,000565,
000566,海南海药,000566.SZ,000566,
000567,海德股份,000567.SZ,000567,
000568,泸州老窖,000568.SZ,000568,
000570,苏常柴Ａ,000570.SZ,000570,
000571,新大洲A,000571.SZ,000571,
000572,海马汽车,000572.SZ,000572,
000573,粤宏远Ａ,000573.SZ,000573,
000576,甘化科工,000576.SZ,000576,
000581,威孚高科,000581.SZ,000581,
000582,北部湾港,000582.SZ,000582,
000586,汇源通信,000586.SZ,000586,
000589,贵州轮胎,000589.SZ,000589,
000590,古汉医药,000590.SZ,000590,
000591,太阳能,000591.SZ,000591,
000592,平潭发展,000592.SZ,000592,
000593,德龙汇能,000593.SZ,000593,
000595,*ST宝实,000595.SZ,000595,
000596,古井贡酒,000596.SZ,000596,
000597,东北制药,000597.SZ,000597,
000598,兴蓉环境,000598.SZ,000598,
000599,青岛双星,000599.SZ,000599,
000600,建投能源,000600.SZ,000600,
000601,韶能股份,000601.SZ,000601,
000603,盛达资源,000603.SZ,000603,
000605,渤海股份,000605.SZ,000605,
000607,华媒控股,000607.SZ,000607,
000608,*ST阳光,000608.SZ,000608,
000609,ST中迪,000609.SZ,000609,
000610,西安旅游,000610.SZ,000610,
000612,焦作万方,000612.SZ,000612,
000615,*ST美谷,000615.SZ,000615,
000617,中油资本,000617.SZ,000617,
000619,海螺新材,000619.SZ,000619,
000620,盈新发展,000620.SZ,000620,
000623,吉林敖东,000623.SZ,000623,
000625,长安汽车,000625.SZ,000625,
000626,远大控股,000626.SZ,000626,
000628,高新发展,000628.SZ,000628,
000629,钒钛股份,000629.SZ,000629,
000630,铜陵有色,000630.SZ,000630,
000631,顺发恒能,000631.SZ,000631,
000632,三木集团,000632.SZ,000632,
000633,合金投资,000633.SZ,000633,
000635,英 力 特,000635.SZ,000635,
000636,风华高科,000636.SZ,000636,
000637,茂化实华,000637.SZ,000637,
000638,*ST万方,000638.SZ,000638,
000639,西王食品,000639.SZ,000639,
000650,仁和药业,000650.SZ,000650,
000651,格力电器,000651.SZ,000651,
000652,泰达股份,000652.SZ,000652,
000655,金岭矿业,000655.SZ,000655,
000656,*ST金科,000656.SZ,000656,
000657,中钨高新,000657.SZ,000657,
000659,珠海中富,000659.SZ,000659,
000661,长春高新,000661.SZ,000661,
000663,永安林业,000663.SZ,000663,
000665,湖北广电,000665.SZ,000665,
000668,*ST荣控,000668.SZ,000668,
000669,ST金鸿,000669.SZ,000669,
000670,盈方微,000670.SZ,000670,
000672,上峰水泥,000672.SZ,000672,
000676,智度股份,000676.SZ,000676,
000677,恒天海龙,000677.SZ,000677,
000678,襄阳轴承,000678.SZ,000678,
000679,大连友谊,000679.SZ,000679,
000680,山推股份,000680.SZ,000680,
000681,视觉中国,000681.SZ,000681,
000682,东方电子,000682.SZ,000682,
000683,博源化工,000683.SZ,000683,
000685,中山公用,000685.SZ,000685,
000686,东北证券,000686.SZ,000686,
000688,国城矿业,000688.SZ,000688,
000690,宝新能源,000690.SZ,000690,
000691,*ST亚太,000691.SZ,000691,
000692,惠天热电,000692.SZ,000692,
000695,滨海能源,000695.SZ,000695,
000697,ST炼石,000697.SZ,000697,
000698,ST沈化,000698.SZ,000698,
000700,模塑科技,000700.SZ,000700,
000701,厦门信达,000701.SZ,000701,
000702,正虹科技,000702.SZ,000702,
000703,恒逸石化,000703.SZ,000703,
000705,浙江震元,000705.SZ,000705,
000707,双环科技,000707.SZ,000707,
000708,中信特钢,000708.SZ,000708,
000709,河钢股份,000709.SZ,000709,
000710,贝瑞基因,000710.SZ,000710,
000711,ST京蓝,000711.SZ,000711,
000712,锦龙股份,000712.SZ,000712,
000713,国投丰乐,000713.SZ,000713,
000715,中兴商业,000715.SZ,000715,
000716,黑芝麻,000716.SZ,000716,
000717,中南股份,000717.SZ,000717,
000718,苏宁环球,000718.SZ,000718,
000719,中原传媒,000719.SZ,000719,
000720,新能泰山,000720.SZ,000720,
000721,西安饮食,000721.SZ,000721,
000722,湖南发展,000722.SZ,000722,
000723,美锦能源,000723.SZ,000723,
000725,京东方Ａ,000725.SZ,000725,
000726,鲁  泰Ａ,000726.SZ,000726,
000727,冠捷科技,000727.SZ,000727,
000728,国元证券,000728.SZ,000728,
000729,燕京啤酒,000729.SZ,000729,
000731,四川美丰,000731.SZ,000731,
000733,振华科技,000733.SZ,000733,
000735,罗 牛 山,000735.SZ,000735,
000736,*ST中地,000736.SZ,000736,
000737,北方铜业,000737.SZ,000737,
000738,航发控制,000738.SZ,000738,
000739,普洛药业,000739.SZ,000739,
000750,国海证券,000750.SZ,000750,
000751,锌业股份,000751.SZ,000751,
000752,ST西发,000752.SZ,000752,
000753,漳州发展,000753.SZ,000753,
000755,山西高速,000755.SZ,000755,
000756,新华制药,000756.SZ,000756,
000757,浩物股份,000757.SZ,000757,
000758,中色股份,000758.SZ,000758,
000759,中百集团,000759.SZ,000759,
000761,本钢板材,000761.SZ,000761,
000762,西藏矿业,000762.SZ,000762,
000766,通化金马,000766.SZ,000766,
000767,晋控电力,000767.SZ,000767,
000768,中航西飞,000768.SZ,000768,
000776,广发证券,000776.SZ,000776,
000777,中核科技,000777.SZ,000777,
000778,新兴铸管,000778.SZ,000778,
000779,甘咨询,000779.SZ,000779,
000782,恒申新材,000782.SZ,000782,
000783,长江证券,000783.SZ,000783,
000785,居然智家,000785.SZ,000785,
000786,北新建材,000786.SZ,000786,
000788,北大医药,000788.SZ,000788,
000789,万年青,000789.SZ,000789,
000790,华神科技,000790.SZ,000790,
000791,甘肃能源,000791.SZ,000791,
000792,盐湖股份,000792.SZ,000792,
000793,*ST华闻,000793.SZ,000793,
000795,英洛华,000795.SZ,000795,
000796,凯撒旅业,000796.SZ,000796,
000797,中国武夷,000797.SZ,000797,
000798,中水渔业,000798.SZ,000798,
000799,酒鬼酒,000799.SZ,000799,
000800,一汽解放,000800.SZ,000800,
000801,四川九洲,000801.SZ,000801,
000802,北京文化,000802.SZ,000802,
000803,山高环能,000803.SZ,000803,
000807,云铝股份,000807.SZ,000807,
000809,和展能源,000809.SZ,000809,
000810,创维数字,000810.SZ,000810,
000811,冰轮环境,000811.SZ,000811,
000812,陕西金叶,000812.SZ,000812,
000813,德展健康,000813.SZ,000813,
000815,美利云,000815.SZ,000815,
000816,智慧农业,000816.SZ,000816,
000818,航锦科技,000818.SZ,000818,
000819,岳阳兴长,000819.SZ,000819,
000820,*ST节能,000820.SZ,000820,
000821,ST京机,000821.SZ,000821,
000822,山东海化,000822.SZ,000822,
000823,超声电子,000823.SZ,000823,
000825,太钢不锈,000825.SZ,000825,
000826,启迪环境,000826.SZ,000826,
000828,东莞控股,000828.SZ,000828,
000829,天音控股,000829.SZ,000829,
000830,鲁西化工,000830.SZ,000830,
000831,中国稀土,000831.SZ,000831,
000833,粤桂股份,000833.SZ,000833,
000837,秦川机床,000837.SZ,000837,
000838,财信发展,000838.SZ,000838,
000839,国安股份,000839.SZ,000839,
000848,承德露露,000848.SZ,000848,
000850,华茂股份,000850.SZ,000850,
000852,石化机械,000852.SZ,000852,
000856,冀东装备,000856.SZ,000856,
000858,五 粮 液,000858.SZ,000858,
000859,国风新材,000859.SZ,000859,
000860,顺鑫农业,000860.SZ,000860,
000862,银星能源,000862.SZ,000862,
000863,三湘印象,000863.SZ,000863,
000868,安凯客车,000868.SZ,000868,
000869,张  裕Ａ,000869.SZ,000869,
000875,电投绿能,000875.SZ,000875,
000876,新 希 望,000876.SZ,000876,
000877,天山股份,000877.SZ,000877,
000878,云南铜业,000878.SZ,000878,
000880,潍柴重机,000880.SZ,000880,
000881,中广核技,000881.SZ,000881,
000882,华联股份,000882.SZ,000882,
000883,湖北能源,000883.SZ,000883,
000885,城发环境,000885.SZ,000885,
000886,海南高速,000886.SZ,000886,
000887,中鼎股份,000887.SZ,000887,
000888,峨眉山Ａ,000888.SZ,000888,
000889,中嘉博创,000889.SZ,000889,
000890,法尔胜,000890.SZ,000890,
000892,欢瑞世纪,000892.SZ,000892,
000893,亚钾国际,000893.SZ,000893,
000895,双汇发展,000895.SZ,000895,
000897,津滨发展,000897.SZ,000897,
000898,鞍钢股份,000898.SZ,000898,
000899,赣能股份,000899.SZ,000899,
000900,现代投资,000900.SZ,000900,
000901,航天科技,000901.SZ,000901,
000902,新洋丰,000902.SZ,000902,
000903,ST云动,000903.SZ,000903,
000905,厦门港务,000905.SZ,000905,
000906,浙商中拓,000906.SZ,000906,
000908,ST景峰,000908.SZ,000908,
000909,*ST数源,000909.SZ,000909,
000910,大亚圣象,000910.SZ,000910,
000911,广农糖业,000911.SZ,000911,
000912,泸天化,000912.SZ,000912,
000913,钱江摩托,000913.SZ,000913,
000915,华特达因,000915.SZ,000915,
000917,电广传媒,000917.SZ,000917,
000919,金陵药业,000919.SZ,000919,
000920,沃顿科技,000920.SZ,000920,
000921,海信家电,000921.SZ,000921,
000922,佳电股份,000922.SZ,000922,
000923,河钢资源,000923.SZ,000923,
000925,众合科技,000925.SZ,000925,
000926,福星股份,000926.SZ,000926,
000927,中国铁物,000927.SZ,000927,
000928,中钢国际,000928.SZ,000928,
000929,*ST兰黄,000929.SZ,000929,
000930,中粮科技,000930.SZ,000930,
000931,中 关 村,000931.SZ,000931,
000932,华菱钢铁,000932.SZ,000932,
000933,神火股份,000933.SZ,000933,
000935,四川双马,000935.SZ,000935,
000936,华西股份,000936.SZ,000936,
000937,冀中能源,000937.SZ,000937,
000938,紫光股份,000938.SZ,000938,
000948,南天信息,000948.SZ,000948,
000949,新乡化纤,000949.SZ,000949,
000950,重药控股,000950.SZ,000950,
000951,中国重汽,000951.SZ,000951,
000952,广济药业,000952.SZ,000952,
000953,河化股份,000953.SZ,000953,
000955,欣龙控股,000955.SZ,000955,
000957,中通客车,000957.SZ,000957,
000958,电投产融,000958.SZ,000958,
000959,首钢股份,000959.SZ,000959,
000960,锡业股份,000960.SZ,000960,
000962,东方钽业,000962.SZ,000962,
000963,华东医药,000963.SZ,000963,
000965,天保基建,000965.SZ,000965,
000966,长源电力,000966.SZ,000966,
000967,盈峰环境,000967.SZ,000967,
000968,蓝焰控股,000968.SZ,000968,
000969,安泰科技,000969.SZ,000969,
000970,中科三环,000970.SZ,000970,
000972,*ST中基,000972.SZ,000972,
000973,佛塑科技,000973.SZ,000973,
000975,山金国际,000975.SZ,000975,
000977,浪潮信息,000977.SZ,000977,
000978,桂林旅游,000978.SZ,000978,
000980,众泰汽车,000980.SZ,000980,
000981,山子高科,000981.SZ,000981,
000983,山西焦煤,000983.SZ,000983,
000985,大庆华科,000985.SZ,000985,
000987,越秀资本,000987.SZ,000987,
000988,华工科技,000988.SZ,000988,
000989,九芝堂,000989.SZ,000989,
000990,诚志股份,000990.SZ,000990,
000993,闽东电力,000993.SZ,000993,
000995,皇台酒业,000995.SZ,000995,
000997,新 大 陆,000997.SZ,000997,
000998,隆平高科,000998.SZ,000998,
000999,华润三九,000999.SZ,000999,
001201,东瑞股份,001201.SZ,001201,
001202,炬申股份,001202.SZ,001202,
001203,大中矿业,001203.SZ,001203,
001205,盛航股份,001205.SZ,001205,
001206,依依股份,001206.SZ,001206,
001207,联科科技,001207.SZ,001207,
001208,华菱线缆,001208.SZ,001208,
001209,洪兴股份,001209.SZ,001209,
001210,金房能源,001210.SZ,001210,
001211,双枪科技,001211.SZ,001211,
001212,中旗新材,001212.SZ,001212,
001213,中铁特货,001213.SZ,001213,
001215,千味央厨,001215.SZ,001215,
001216,华瓷股份,001216.SZ,001216,
001217,华尔泰,001217.SZ,001217,
001218,丽臣实业,001218.SZ,001218,
001219,青岛食品,001219.SZ,001219,
001220,世盟股份,001220.SZ,001220,
001221,悍高集团,001221.SZ,001221,
001222,源飞宠物,001222.SZ,001222,
001223,欧克科技,001223.SZ,001223,
001225,和泰机电,001225.SZ,001225,
001226,拓山重工,001226.SZ,001226,
001227,兰州银行,001227.SZ,001227,
001228,永泰运,001228.SZ,001228,
001229,魅视科技,001229.SZ,001229,
001230,劲旅环境,001230.SZ,001230,
001231,农心科技,001231.SZ,001231,
001233,海安集团,001233.SZ,001233,
001234,泰慕士,001234.SZ,001234,
001236,弘业期货,001236.SZ,001236,
001238,浙江正特,001238.SZ,001238,
001239,永达股份,001239.SZ,001239,
001255,博菲电气,001255.SZ,001255,
001256,炜冈科技,001256.SZ,001256,
001257,盛龙股份,001257.SZ,001257,
001258,立新能源,001258.SZ,001258,
001259,利仁科技,001259.SZ,001259,
001260,坤泰股份,001260.SZ,001260,
001266,宏英智能,001266.SZ,001266,
001267,汇绿生态,001267.SZ,001267,
001268,联合精密,001268.SZ,001268,
001269,欧晶科技,001269.SZ,001269,
001270,*ST铖昌,001270.SZ,001270,
001277,速达股份,001277.SZ,001277,
001278,一彬科技,001278.SZ,001278,
001279,强邦新材,001279.SZ,001279,
001280,中国铀业,001280.SZ,001280,
001282,三联锻造,001282.SZ,001282,
001283,豪鹏科技,001283.SZ,001283,
001285,瑞立科密,001285.SZ,001285,
001286,陕西能源,001286.SZ,001286,
001287,中电港,001287.SZ,001287,
001288,运机集团,001288.SZ,001288,
001289,龙源电力,001289.SZ,001289,
001296,长江材料,001296.SZ,001296,
001298,好上好,001298.SZ,001298,
001299,美能能源,001299.SZ,001299,
001300,三柏硕,001300.SZ,001300,
001301,尚太科技,001301.SZ,001301,
001306,夏厦精密,001306.SZ,001306,
001308,康冠科技,001308.SZ,001308,
001309,德明利,001309.SZ,001309,
001311,多利科技,001311.SZ,001311,
001313,粤海饲料,001313.SZ,001313,
001314,亿道信息,001314.SZ,001314,
001316,润贝航科,001316.SZ,001316,
001317,三羊马,001317.SZ,001317,
001318,阳光乳业,001318.SZ,001318,
001319,铭科精技,001319.SZ,001319,
001322,箭牌家居,001322.SZ,001322,
001323,慕思股份,001323.SZ,001323,
001324,长青科技,001324.SZ,001324,
001325,元创股份,001325.SZ,001325,
001326,联域股份,001326.SZ,001326,
001328,登康口腔,001328.SZ,001328,
001330,博纳影业,001330.SZ,001330,
001331,胜通能源,001331.SZ,001331,
001332,锡装股份,001332.SZ,001332,
001333,光华股份,001333.SZ,001333,
001335,信凯科技,001335.SZ,001335,
001336,楚环科技,001336.SZ,001336,
001337,四川黄金,001337.SZ,001337,
001338,永顺泰,001338.SZ,001338,
001339,智微智能,001339.SZ,001339,
001356,富岭股份,001356.SZ,001356,
001358,兴欣新材,001358.SZ,001358,
001359,平安电工,001359.SZ,001359,
001360,南矿集团,001360.SZ,001360,
001366,播恩集团,001366.SZ,001366,
001367,海森药业,001367.SZ,001367,
001368,通达创智,001368.SZ,001368,
001369,双欣材料,001369.SZ,001369,
001373,翔腾新材,001373.SZ,001373,
001376,百通能源,001376.SZ,001376,
001378,德冠新材,001378.SZ,001378,
001379,腾达科技,001379.SZ,001379,
001380,华纬科技,001380.SZ,001380,
001382,新亚电缆,001382.SZ,001382,
001386,马可波罗,001386.SZ,001386,
001387,雪祺电气,001387.SZ,001387,
001388,信通电子,001388.SZ,001388,
001389,广合科技,001389.SZ,001389,
001390,古麒绒材,001390.SZ,001390,
001391,国货航,001391.SZ,001391,
001395,亚联机械,001395.SZ,001395,
001396,誉帆科技,001396.SZ,001396,
001400,江顺科技,001400.SZ,001400,
001696,宗申动力,001696.SZ,001696,
001872,招商港口,001872.SZ,001872,
001896,豫能控股,001896.SZ,001896,
001914,招商积余,001914.SZ,001914,
001965,招商公路,001965.SZ,001965,
001979,招商蛇口,001979.SZ,001979,
002001,新 和 成,002001.SZ,002001,
002003,伟星股份,002003.SZ,002003,
002004,华邦健康,002004.SZ,002004,
002005,ST德豪,002005.SZ,002005,
002006,精工科技,002006.SZ,002006,
002007,华兰生物,002007.SZ,002007,
002008,大族激光,002008.SZ,002008,
002009,天奇股份,002009.SZ,002009,
002010,传化智联,002010.SZ,002010,
002011,盾安环境,002011.SZ,002011,
002012,凯恩股份,002012.SZ,002012,
002014,永新股份,002014.SZ,002014,
002015,协鑫能科,002015.SZ,002015,
002016,世荣兆业,002016.SZ,002016,
002017,东信和平,002017.SZ,002017,
002019,亿帆医药,002019.SZ,002019,
002020,京新药业,002020.SZ,002020,
002021,中捷资源,002021.SZ,002021,
002022,科华生物,002022.SZ,002022,
002023,海特高新,002023.SZ,002023,
002024,ST易购,002024.SZ,002024,
002025,航天电器,002025.SZ,002025,
002026,山东威达,002026.SZ,002026,
002027,分众传媒,002027.SZ,002027,
002028,思源电气,002028.SZ,002028,
002029,七 匹 狼,002029.SZ,002029,
002030,达安基因,002030.SZ,002030,
002031,巨轮智能,002031.SZ,002031,
002032,苏 泊 尔,002032.SZ,002032,
002033,丽江股份,002033.SZ,002033,
002034,旺能环境,002034.SZ,002034,
002035,华帝股份,002035.SZ,002035,
002036,联创电子,002036.SZ,002036,
002037,保利联合,002037.SZ,002037,
002038,双鹭药业,002038.SZ,002038,
002039,黔源电力,002039.SZ,002039,
002040,南 京 港,002040.SZ,002040,
002041,登海种业,002041.SZ,002041,
002042,华孚时尚,002042.SZ,002042,
002043,兔 宝 宝,002043.SZ,002043,
002044,美年健康,002044.SZ,002044,
002045,国光电器,002045.SZ,002045,
002046,国机精工,002046.SZ,002046,
002047,*ST宝鹰,002047.SZ,002047,
002048,宁波华翔,002048.SZ,002048,
002049,紫光国微,002049.SZ,002049,
002050,三花智控,002050.SZ,002050,
002051,中工国际,002051.SZ,002051,
002052,同洲电子,002052.SZ,002052,
002053,云南能投,002053.SZ,002053,
002054,德美化工,002054.SZ,002054,
002055,ST得润,002055.SZ,002055,
002056,横店东磁,002056.SZ,002056,
002057,中钢天源,002057.SZ,002057,
002058,*ST威尔,002058.SZ,002058,
002059,云南旅游,002059.SZ,002059,
002060,广东建工,002060.SZ,002060,
002061,浙江交科,002061.SZ,002061,
002062,宏润建设,002062.SZ,002062,
002063,远光软件,002063.SZ,002063,
002064,华峰化学,002064.SZ,002064,
002065,东华软件,002065.SZ,002065,
002066,瑞泰科技,002066.SZ,002066,
002067,景兴纸业,002067.SZ,002067,
002068,黑猫股份,002068.SZ,002068,
002069,獐子岛,002069.SZ,002069,
002072,凯瑞德,002072.SZ,002072,
002073,软控股份,002073.SZ,002073,
002074,国轩高科,002074.SZ,002074,
002075,沙钢股份,002075.SZ,002075,
002076,*ST星光,002076.SZ,002076,
002077,大港股份,002077.SZ,002077,
002078,太阳纸业,002078.SZ,002078,
002079,苏州固锝,002079.SZ,002079,
002080,中材科技,002080.SZ,002080,
002081,金 螳 螂,002081.SZ,002081,
002082,万邦德,002082.SZ,002082,
002083,孚日股份,002083.SZ,002083,
002084,海鸥住工,002084.SZ,002084,
002085,万丰奥威,002085.SZ,002085,
002086,东方海洋,002086.SZ,002086,
002088,鲁阳节能,002088.SZ,002088,
002090,金智科技,002090.SZ,002090,
002091,江苏国泰,002091.SZ,002091,
002092,中泰化学,002092.SZ,002092,
002093,国脉科技,002093.SZ,002093,
002094,青岛金王,002094.SZ,002094,
002095,生 意 宝,002095.SZ,002095,
002096,易普力,002096.SZ,002096,
002097,山河智能,002097.SZ,002097,
002098,浔兴股份,002098.SZ,002098,
002099,海翔药业,002099.SZ,002099,
002100,天康生物,002100.SZ,002100,
002101,广东鸿图,002101.SZ,002101,
002102,能特科技,002102.SZ,002102,
002103,广博股份,002103.SZ,002103,
002104,恒宝股份,002104.SZ,002104,
002105,信隆健康,002105.SZ,002105,
002106,莱宝高科,002106.SZ,002106,
002107,沃华医药,002107.SZ,002107,
002108,沧州明珠,002108.SZ,002108,
002109,兴化股份,002109.SZ,002109,
002110,三钢闽光,002110.SZ,002110,
002111,威海广泰,002111.SZ,002111,
002112,三变科技,002112.SZ,002112,
002114,罗平锌电,002114.SZ,002114,
002115,三维通信,002115.SZ,002115,
002116,中国海诚,002116.SZ,002116,
002117,东港股份,002117.SZ,002117,
002119,康强电子,002119.SZ,002119,
002120,韵达股份,002120.SZ,002120,
002121,科陆电子,002121.SZ,002121,
002122,ST汇洲,002122.SZ,002122,
002123,梦网科技,002123.SZ,002123,
002124,天邦食品,002124.SZ,002124,
002125,湘潭电化,002125.SZ,002125,
002126,银轮股份,002126.SZ,002126,
002127,南极电商,002127.SZ,002127,
002128,电投能源,002128.SZ,002128,
002129,TCL中环,002129.SZ,002129,
002130,沃尔核材,002130.SZ,002130,
002131,利欧股份,002131.SZ,002131,
002132,恒星科技,002132.SZ,002132,
002133,广宇集团,002133.SZ,002133,
002134,天津普林,002134.SZ,002134,
002135,东南网架,002135.SZ,002135,
002136,安 纳 达,002136.SZ,002136,
002137,实益达,002137.SZ,002137,
002138,顺络电子,002138.SZ,002138,
002139,拓邦股份,002139.SZ,002139,
002140,东华科技,002140.SZ,002140,
002141,贤丰控股,002141.SZ,002141,
002142,宁波银行,002142.SZ,002142,
002144,宏达高科,002144.SZ,002144,
002145,钛能化学,002145.SZ,002145,
002146,荣盛发展,002146.SZ,002146,
002148,北纬科技,002148.SZ,002148,
002149,西部材料,002149.SZ,002149,
002150,正泰电源,002150.SZ,002150,
002151,北斗星通,002151.SZ,002151,
002152,广电运通,002152.SZ,002152,
002153,石基信息,002153.SZ,002153,
002154,报 喜 鸟,002154.SZ,002154,
002155,湖南黄金,002155.SZ,002155,
002156,通富微电,002156.SZ,002156,
002157,正邦科技,002157.SZ,002157,
002158,汉钟精机,002158.SZ,002158,
002159,三特索道,002159.SZ,002159,
002160,常铝股份,002160.SZ,002160,
002161,远 望 谷,002161.SZ,002161,
002162,悦心健康,002162.SZ,002162,
002163,海南发展,002163.SZ,002163,
002164,宁波东力,002164.SZ,002164,
002165,红 宝 丽,002165.SZ,002165,
002166,莱茵生物,002166.SZ,002166,
002167,东方锆业,002167.SZ,002167,
002168,*ST惠程,002168.SZ,002168,
002169,智光电气,002169.SZ,002169,
002170,芭田股份,002170.SZ,002170,
002171,楚江新材,002171.SZ,002171,
002172,澳洋健康,002172.SZ,002172,
002173,创新医疗,002173.SZ,002173,
002174,游族网络,002174.SZ,002174,
002175,东方智造,002175.SZ,002175,
002176,江特电机,002176.SZ,002176,
002177,御银股份,002177.SZ,002177,
002178,延华智能,002178.SZ,002178,
002179,中航光电,002179.SZ,002179,
002180,纳思达,002180.SZ,002180,
002181,粤 传 媒,002181.SZ,002181,
002182,宝武镁业,002182.SZ,002182,
002183,怡 亚 通,002183.SZ,002183,
002184,海得控制,002184.SZ,002184,
002185,华天科技,002185.SZ,002185,
002186,全 聚 德,002186.SZ,002186,
002187,广百股份,002187.SZ,002187,
002188,中天服务,002188.SZ,002188,
002189,中光学,002189.SZ,002189,
002190,成飞集成,002190.SZ,002190,
002191,劲嘉股份,002191.SZ,002191,
002192,融捷股份,002192.SZ,002192,
002193,如意集团,002193.SZ,002193,
002194,武汉凡谷,002194.SZ,002194,
002195,岩山科技,002195.SZ,002195,
002196,方正电机,002196.SZ,002196,
002197,证通电子,002197.SZ,002197,
002198,嘉应制药,002198.SZ,002198,
002199,*ST东晶,002199.SZ,002199,
002200,*ST交投,002200.SZ,002200,
002201,九鼎新材,002201.SZ,002201,
002202,金风科技,002202.SZ,002202,
002203,海亮股份,002203.SZ,002203,
002204,大连重工,002204.SZ,002204,
002205,国统股份,002205.SZ,002205,
002206,海 利 得,002206.SZ,002206,
002207,准油股份,002207.SZ,002207,
002208,合肥城建,002208.SZ,002208,
002209,达 意 隆,002209.SZ,002209,
002210,飞马国际,002210.SZ,002210,
002211,ST宏达,002211.SZ,002211,
002212,天融信,002212.SZ,002212,
002213,大为股份,002213.SZ,002213,
002214,*ST大立,002214.SZ,002214,
002215,诺 普 信,002215.SZ,002215,
002216,三全食品,002216.SZ,002216,
002217,合力泰,002217.SZ,002217,
002218,拓日新能,002218.SZ,002218,
002219,新里程,002219.SZ,002219,
002221,东华能源,002221.SZ,002221,
002222,福晶科技,002222.SZ,002222,
002223,鱼跃医疗,002223.SZ,002223,
002224,三 力 士,002224.SZ,002224,
002225,濮耐股份,002225.SZ,002225,
002226,江南化工,002226.SZ,002226,
002227,奥 特 迅,002227.SZ,002227,
002228,合兴包装,002228.SZ,002228,
002229,鸿博股份,002229.SZ,002229,
002230,科大讯飞,002230.SZ,002230,
002232,启明信息,002232.SZ,002232,
002233,塔牌集团,002233.SZ,002233,
002234,民和股份,002234.SZ,002234,
002235,安妮股份,002235.SZ,002235,
002236,大华股份,002236.SZ,002236,
002237,恒邦股份,002237.SZ,002237,
002238,天威视讯,002238.SZ,002238,
002239,奥特佳,002239.SZ,002239,
002240,盛新锂能,002240.SZ,002240,
002241,歌尔股份,002241.SZ,002241,
002242,九阳股份,002242.SZ,002242,
002243,力合科创,002243.SZ,002243,
002244,滨江集团,002244.SZ,002244,
002245,蔚蓝锂芯,002245.SZ,002245,
002246,北化股份,002246.SZ,002246,
002247,聚力文化,002247.SZ,002247,
002248,华东数控,002248.SZ,002248,
002249,大洋电机,002249.SZ,002249,
002250,联化科技,002250.SZ,002250,
002251,步步高,002251.SZ,002251,
002252,上海莱士,002252.SZ,002252,
002253,*ST智胜,002253.SZ,002253,
002254,泰和新材,002254.SZ,002254,
002255,海陆重工,002255.SZ,002255,
002256,兆新股份,002256.SZ,002256,
002258,利尔化学,002258.SZ,002258,
002259,升达林业,002259.SZ,002259,
002261,拓维信息,002261.SZ,002261,
002262,恩华药业,002262.SZ,002262,
002263,大东南,002263.SZ,002263,
002264,新 华 都,002264.SZ,002264,
002265,建设工业,002265.SZ,002265,
002266,浙富控股,002266.SZ,002266,
002267,陕天然气,002267.SZ,002267,
002268,电科网安,002268.SZ,002268,
002269,美邦服饰,002269.SZ,002269,
002270,华明装备,002270.SZ,002270,
002271,东方雨虹,002271.SZ,002271,
002272,川润股份,002272.SZ,002272,
002273,水晶光电,002273.SZ,002273,
002274,华昌化工,002274.SZ,002274,
002275,桂林三金,002275.SZ,002275,
002276,万马股份,002276.SZ,002276,
002277,友阿股份,002277.SZ,002277,
002278,神开股份,002278.SZ,002278,
002279,久其软件,002279.SZ,002279,
002281,光迅科技,002281.SZ,002281,
002282,博深股份,002282.SZ,002282,
002283,天润工业,002283.SZ,002283,
002284,亚太股份,002284.SZ,002284,
002285,世联行,002285.SZ,002285,
002286,保龄宝,002286.SZ,002286,
002287,奇正藏药,002287.SZ,002287,
002289,*ST宇顺,002289.SZ,002289,
002290,禾盛新材,002290.SZ,002290,
002291,遥望科技,002291.SZ,002291,
002292,奥飞娱乐,002292.SZ,002292,
002293,罗莱生活,002293.SZ,002293,
002294,信立泰,002294.SZ,002294,
002295,精艺股份,002295.SZ,002295,
002296,辉煌科技,002296.SZ,002296,
002297,博云新材,002297.SZ,002297,
002298,中电鑫龙,002298.SZ,002298,
002299,圣农发展,002299.SZ,002299,
002300,太阳电缆,002300.SZ,002300,
002301,齐心集团,002301.SZ,002301,
002302,西部建设,002302.SZ,002302,
002303,美盈森,002303.SZ,002303,
002304,洋河股份,002304.SZ,002304,
002305,*ST南置,002305.SZ,002305,
002306,*ST云网,002306.SZ,002306,
002307,北新路桥,002307.SZ,002307,
002309,中利集团,002309.SZ,002309,
002310,东方新能,002310.SZ,002310,
002311,海大集团,002311.SZ,002311,
002312,川发龙蟒,002312.SZ,002312,
002313,日海智能,002313.SZ,002313,
002314,南山控股,002314.SZ,002314,
002315,焦点科技,002315.SZ,002315,
002316,亚联发展,002316.SZ,002316,
002317,众生药业,002317.SZ,002317,
002318,久立特材,002318.SZ,002318,
002319,乐通股份,002319.SZ,002319,
002320,海峡股份,002320.SZ,002320,
002321,华英农业,002321.SZ,002321,
002322,理工能科,002322.SZ,002322,
002323,雅博股份,002323.SZ,002323,
002324,普利特,002324.SZ,002324,
002326,永太科技,002326.SZ,002326,
002327,富安娜,002327.SZ,002327,
002328,新朋股份,002328.SZ,002328,
002329,皇氏集团,002329.SZ,002329,
002330,得利斯,002330.SZ,002330,
002331,皖通科技,002331.SZ,002331,
002332,仙琚制药,002332.SZ,002332,
002333,罗普斯金,002333.SZ,002333,
002334,英威腾,002334.SZ,002334,
002335,科华数据,002335.SZ,002335,
002337,赛象科技,002337.SZ,002337,
002338,奥普光电,002338.SZ,002338,
002339,积成电子,002339.SZ,002339,
002340,格林美,002340.SZ,002340,
002342,巨力索具,002342.SZ,002342,
002343,慈文传媒,002343.SZ,002343,
002344,海宁皮城,002344.SZ,002344,
002345,潮宏基,002345.SZ,002345,
002346,柘中股份,002346.SZ,002346,
002347,泰尔股份,002347.SZ,002347,
002348,高乐股份,002348.SZ,002348,
002349,精华制药,002349.SZ,002349,
002350,北京科锐,002350.SZ,002350,
002351,漫步者,002351.SZ,002351,
002352,顺丰控股,002352.SZ,002352,
002353,杰瑞股份,002353.SZ,002353,
002354,天娱数科,002354.SZ,002354,
002355,兴民智通,002355.SZ,002355,
002356,赫美集团,002356.SZ,002356,
002357,富临运业,002357.SZ,002357,
002358,森源电气,002358.SZ,002358,
002360,同德化工,002360.SZ,002360,
002361,神剑股份,002361.SZ,002361,
002362,汉王科技,002362.SZ,002362,
002363,隆基机械,002363.SZ,002363,
002364,中恒电气,002364.SZ,002364,
002365,永安药业,002365.SZ,002365,
002366,融发核电,002366.SZ,002366,
002367,康力电梯,002367.SZ,002367,
002368,太极股份,002368.SZ,002368,
002369,卓翼科技,002369.SZ,002369,
002370,亚太药业,002370.SZ,002370,
002371,北方华创,002371.SZ,002371,
002372,伟星新材,002372.SZ,002372,
002373,千方科技,002373.SZ,002373,
002374,中锐股份,002374.SZ,002374,
002375,亚厦股份,002375.SZ,002375,
002376,新北洋,002376.SZ,002376,
002377,国创高新,002377.SZ,002377,
002378,章源钨业,002378.SZ,002378,
002379,宏桥控股,002379.SZ,002379,
002380,科远智慧,002380.SZ,002380,
002381,双箭股份,002381.SZ,002381,
002382,蓝帆医疗,002382.SZ,002382,
002383,合众思壮,002383.SZ,002383,
002384,东山精密,002384.SZ,002384,
002385,大北农,002385.SZ,002385,
002386,天原股份,002386.SZ,002386,
002387,维信诺,002387.SZ,002387,
002388,新亚制程,002388.SZ,002388,
002389,航天彩虹,002389.SZ,002389,
002390,信邦制药,002390.SZ,002390,
002391,长青股份,002391.SZ,002391,
002392,北京利尔,002392.SZ,002392,
002393,力生制药,002393.SZ,002393,
002394,联发股份,002394.SZ,002394,
002395,双象股份,002395.SZ,002395,
002396,星网锐捷,002396.SZ,002396,
002397,梦洁股份,002397.SZ,002397,
002398,垒知集团,002398.SZ,002398,
002399,海普瑞,002399.SZ,002399,
002400,省广集团,002400.SZ,002400,
002401,中远海科,002401.SZ,002401,
002402,和而泰,002402.SZ,002402,
002403,爱仕达,002403.SZ,002403,
002404,嘉欣丝绸,002404.SZ,002404,
002405,四维图新,002405.SZ,002405,
002406,远东传动,002406.SZ,002406,
002407,多氟多,002407.SZ,002407,
002408,齐翔腾达,002408.SZ,002408,
002409,雅克科技,002409.SZ,002409,
002410,广联达,002410.SZ,002410,
002412,汉森制药,002412.SZ,002412,
002413,雷科防务,002413.SZ,002413,
002414,高德红外,002414.SZ,002414,
002415,海康威视,002415.SZ,002415,
002416,爱施德,002416.SZ,002416,
002418,康盛股份,002418.SZ,002418,
002419,天虹股份,002419.SZ,002419,
002420,毅昌科技,002420.SZ,002420,
002421,达实智能,002421.SZ,002421,
002422,科伦药业,002422.SZ,002422,
002423,中粮资本,002423.SZ,002423,
002424,ST百灵,002424.SZ,002424,
002425,凯撒文化,002425.SZ,002425,
002426,胜利精密,002426.SZ,002426,
002427,尤夫股份,002427.SZ,002427,
002428,云南锗业,002428.SZ,002428,
002429,兆驰股份,002429.SZ,002429,
002430,杭氧股份,002430.SZ,002430,
002431,棕榈股份,002431.SZ,002431,
002432,九安医疗,002432.SZ,002432,
002434,万里扬,002434.SZ,002434,
002436,兴森科技,002436.SZ,002436,
002437,誉衡药业,002437.SZ,002437,
002438,江苏神通,002438.SZ,002438,
002439,启明星辰,002439.SZ,002439,
002440,闰土股份,002440.SZ,002440,
002441,众业达,002441.SZ,002441,
002442,龙星科技,002442.SZ,002442,
002443,金洲管道,002443.SZ,002443,
002444,巨星科技,002444.SZ,002444,
002445,中南文化,002445.SZ,002445,
002446,盛路通信,002446.SZ,002446,
002448,中原内配,002448.SZ,002448,
002449,国星光电,002449.SZ,002449,
002451,摩恩电气,002451.SZ,002451,
002452,长高电新,002452.SZ,002452,
002453,华软科技,002453.SZ,002453,
002454,松芝股份,002454.SZ,002454,
002455,百川股份,002455.SZ,002455,
002456,欧菲光,002456.SZ,002456,
002457,青龙管业,002457.SZ,002457,
002458,益生股份,002458.SZ,002458,
002459,晶澳科技,002459.SZ,002459,
002460,赣锋锂业,002460.SZ,002460,
002461,珠江啤酒,002461.SZ,002461,
002462,嘉事堂,002462.SZ,002462,
002463,沪电股份,002463.SZ,002463,
002465,海格通信,002465.SZ,002465,
002466,天齐锂业,002466.SZ,002466,
002467,二六三,002467.SZ,002467,
002468,申通快递,002468.SZ,002468,
002469,三维化学,002469.SZ,002469,
002470,金正大,002470.SZ,002470,
002471,中超控股,002471.SZ,002471,
002472,双环传动,002472.SZ,002472,
002474,榕基软件,002474.SZ,002474,
002475,立讯精密,002475.SZ,002475,
002476,宝莫股份,002476.SZ,002476,
002478,常宝股份,002478.SZ,002478,
002479,富春环保,002479.SZ,002479,
002480,新筑股份,002480.SZ,002480,
002481,双塔食品,002481.SZ,002481,
002482,广田集团,002482.SZ,002482,
002483,润邦股份,002483.SZ,002483,
002484,江海股份,002484.SZ,002484,
002485,ST雪发,002485.SZ,002485,
002486,嘉麟杰,002486.SZ,002486,
002487,大金重工,002487.SZ,002487,
002488,金固股份,002488.SZ,002488,
002489,浙江永强,002489.SZ,002489,
002490,山东墨龙,002490.SZ,002490,
002491,通鼎互联,002491.SZ,002491,
002492,恒基达鑫,002492.SZ,002492,
002493,荣盛石化,002493.SZ,002493,
002494,华斯股份,002494.SZ,002494,
002495,佳隆股份,002495.SZ,002495,
002496,*ST辉丰,002496.SZ,002496,
002497,雅化集团,002497.SZ,002497,
002498,汉缆股份,002498.SZ,002498,
002500,山西证券,002500.SZ,002500,
002501,利源股份,002501.SZ,002501,
002506,协鑫集成,002506.SZ,002506,
002507,涪陵榨菜,002507.SZ,002507,
002508,老板电器,002508.SZ,002508,
002510,天汽模,002510.SZ,002510,
002511,中顺洁柔,002511.SZ,002511,
002512,ST达华,002512.SZ,002512,
002513,蓝丰生化,002513.SZ,002513,
002514,宝馨科技,002514.SZ,002514,
002515,金字火腿,002515.SZ,002515,
002516,旷达科技,002516.SZ,002516,
002517,恺英网络,002517.SZ,002517,
002518,科士达,002518.SZ,002518,
002519,银河电子,002519.SZ,002519,
002520,日发精机,002520.SZ,002520,
002521,齐峰新材,002521.SZ,002521,
002522,浙江众成,002522.SZ,002522,
002523,天桥起重,002523.SZ,002523,
002524,光正眼科,002524.SZ,002524,
002526,山东矿机,002526.SZ,002526,
002527,新时达,002527.SZ,002527,
002528,ST英飞拓,002528.SZ,002528,
002529,*ST海源,002529.SZ,002529,
002530,金财互联,002530.SZ,002530,
002531,天顺风能,002531.SZ,002531,
002532,天山铝业,002532.SZ,002532,
002533,金杯电工,002533.SZ,002533,
002534,西子洁能,002534.SZ,002534,
002535,林州重机,002535.SZ,002535,
002536,飞龙股份,002536.SZ,002536,
002537,海联金汇,002537.SZ,002537,
002538,ST司特,002538.SZ,002538,
002539,云图控股,002539.SZ,002539,
002540,亚太科技,002540.SZ,002540,
002541,鸿路钢构,002541.SZ,002541,
002542,中化岩土,002542.SZ,002542,
002543,万和电气,002543.SZ,002543,
002544,普天科技,002544.SZ,002544,
002545,东方铁塔,002545.SZ,002545,
002546,新联电子,002546.SZ,002546,
002547,春兴精工,002547.SZ,002547,
002548,金新农,002548.SZ,002548,
002549,凯美特气,002549.SZ,002549,
002550,千红制药,002550.SZ,002550,
002551,尚荣医疗,002551.SZ,002551,
002552,宝鼎科技,002552.SZ,002552,
002553,南方精工,002553.SZ,002553,
002554,惠博普,002554.SZ,002554,
002555,三七互娱,002555.SZ,002555,
002556,辉隆股份,002556.SZ,002556,
002557,洽洽食品,002557.SZ,002557,
002558,巨人网络,002558.SZ,002558,
002559,亚威股份,002559.SZ,002559,
002560,通达股份,002560.SZ,002560,
002561,徐家汇,002561.SZ,002561,
002562,兄弟科技,002562.SZ,002562,
002563,森马服饰,002563.SZ,002563,
002564,天沃科技,002564.SZ,002564,
002565,顺灏股份,002565.SZ,002565,
002566,益盛药业,002566.SZ,002566,
002567,唐人神,002567.SZ,002567,
002568,百润股份,002568.SZ,002568,
002569,*ST步森,002569.SZ,002569,
002570,贝因美,002570.SZ,002570,
002571,德力股份,002571.SZ,002571,
002572,索菲亚,002572.SZ,002572,
002573,清新环境,002573.SZ,002573,
002574,明牌珠宝,002574.SZ,002574,
002575,群兴玩具,002575.SZ,002575,
002576,通达动力,002576.SZ,002576,
002577,雷柏科技,002577.SZ,002577,
002578,闽发铝业,002578.SZ,002578,
002579,中京电子,002579.SZ,002579,
002580,圣阳股份,002580.SZ,002580,
002581,ST未名,002581.SZ,002581,
002582,好想你,002582.SZ,002582,
002583,海能达,002583.SZ,002583,
002584,西陇科学,002584.SZ,002584,
002585,双星新材,002585.SZ,002585,
002586,ST围海,002586.SZ,002586,
002587,奥拓电子,002587.SZ,002587,
002588,史丹利,002588.SZ,002588,
002589,瑞康医药,002589.SZ,002589,
002590,万安科技,002590.SZ,002590,
002591,恒大高新,002591.SZ,002591,
002592,ST八菱,002592.SZ,002592,
002593,日上集团,002593.SZ,002593,
002594,比亚迪,002594.SZ,002594,
002595,豪迈科技,002595.SZ,002595,
002596,海南瑞泽,002596.SZ,002596,
002597,金禾实业,002597.SZ,002597,
002598,ST章鼓,002598.SZ,002598,
002599,盛通股份,002599.SZ,002599,
002600,领益智造,002600.SZ,002600,
002601,龙佰集团,002601.SZ,002601,
002602,世纪华通,002602.SZ,002602,
002603,以岭药业,002603.SZ,002603,
002605,姚记科技,002605.SZ,002605,
002606,大连电瓷,002606.SZ,002606,
002607,中公教育,002607.SZ,002607,
002608,江苏国信,002608.SZ,002608,
002609,捷顺科技,002609.SZ,002609,
002611,东方精工,002611.SZ,002611,
002612,朗姿股份,002612.SZ,002612,
002613,北玻股份,002613.SZ,002613,
002614,奥佳华,002614.SZ,002614,
002615,哈尔斯,002615.SZ,002615,
002616,长青集团,002616.SZ,002616,
002617,露笑科技,002617.SZ,002617,
002620,ST瑞和,002620.SZ,002620,
002622,皓宸医疗,002622.SZ,002622,
002623,亚玛顿,002623.SZ,002623,
002624,完美世界,002624.SZ,002624,
002625,光启技术,002625.SZ,002625,
002626,金达威,002626.SZ,002626,
002627,三峡旅游,002627.SZ,002627,
002628,成都路桥,002628.SZ,002628,
002629,仁智股份,002629.SZ,002629,
002630,ST华西,002630.SZ,002630,
002631,德尔未来,002631.SZ,002631,
002632,道明光学,002632.SZ,002632,
002633,申科股份,002633.SZ,002633,
002634,棒杰股份,002634.SZ,002634,
002635,安洁科技,002635.SZ,002635,
002636,金安国纪,002636.SZ,002636,
002637,赞宇科技,002637.SZ,002637,
002638,勤上股份,002638.SZ,002638,
002639,雪人集团,002639.SZ,002639,
002640,跨境通,002640.SZ,002640,
002641,公元股份,002641.SZ,002641,
002642,荣联科技,002642.SZ,002642,
002643,万润股份,002643.SZ,002643,
002644,佛慈制药,002644.SZ,002644,
002645,华宏科技,002645.SZ,002645,
002646,天佑德酒,002646.SZ,002646,
002647,仁东控股,002647.SZ,002647,
002648,卫星化学,002648.SZ,002648,
002649,博彦科技,002649.SZ,002649,
002650,ST加加,002650.SZ,002650,
002651,利君股份,002651.SZ,002651,
002652,扬子新材,002652.SZ,002652,
002653,海思科,002653.SZ,002653,
002654,万润科技,002654.SZ,002654,
002655,共达电声,002655.SZ,002655,
002656,*ST摩登,002656.SZ,002656,
002657,中科金财,002657.SZ,002657,
002658,雪迪龙,002658.SZ,002658,
002659,凯文教育,002659.SZ,002659,
002660,茂硕电源,002660.SZ,002660,
002661,克明食品,002661.SZ,002661,
002662,峰璟股份,002662.SZ,002662,
002663,普邦股份,002663.SZ,002663,
002664,信质集团,002664.SZ,002664,
002666,德联集团,002666.SZ,002666,
002667,威领股份,002667.SZ,002667,
002668,TCL智家,002668.SZ,002668,
002669,康达新材,002669.SZ,002669,
002670,国盛证券,002670.SZ,002670,
002671,龙泉股份,002671.SZ,002671,
002672,东江环保,002672.SZ,002672,
002673,西部证券,002673.SZ,002673,
002674,兴业科技,002674.SZ,002674,
002675,东诚药业,002675.SZ,002675,
002676,顺威股份,002676.SZ,002676,
002677,浙江美大,002677.SZ,002677,
002678,珠江钢琴,002678.SZ,002678,
002679,福建金森,002679.SZ,002679,
002681,奋达科技,002681.SZ,002681,
002682,龙洲股份,002682.SZ,002682,
002683,广东宏大,002683.SZ,002683,
002685,华东重机,002685.SZ,002685,
002686,亿利达,002686.SZ,002686,
002687,乔治白,002687.SZ,002687,
002688,金河生物,002688.SZ,002688,
002689,ST远智,002689.SZ,002689,
002690,美亚光电,002690.SZ,002690,
002691,冀凯股份,002691.SZ,002691,
002692,远程股份,002692.SZ,002692,
002693,*ST双成,002693.SZ,002693,
002694,顾地科技,002694.SZ,002694,
002695,煌上煌,002695.SZ,002695,
002696,百洋股份,002696.SZ,002696,
002697,红旗连锁,002697.SZ,002697,
002698,博实股份,002698.SZ,002698,
002700,万憬能源,002700.SZ,002700,
002701,奥瑞金,002701.SZ,002701,
002702,海欣食品,002702.SZ,002702,
002703,浙江世宝,002703.SZ,002703,
002705,新宝股份,002705.SZ,002705,
002706,良信股份,002706.SZ,002706,
002707,众信旅游,002707.SZ,002707,
002708,光洋股份,002708.SZ,002708,
002709,天赐材料,002709.SZ,002709,
002712,思美传媒,002712.SZ,002712,
002713,*ST东易,002713.SZ,002713,
002714,牧原股份,002714.SZ,002714,
002715,登云股份,002715.SZ,002715,
002716,湖南白银,002716.SZ,002716,
002717,ST岭南,002717.SZ,002717,
002718,友邦吊顶,002718.SZ,002718,
002719,麦趣尔,002719.SZ,002719,
002721,金一文化,002721.SZ,002721,
002722,物产金轮,002722.SZ,002722,
002723,小崧股份,002723.SZ,002723,
002724,海洋王,002724.SZ,002724,
002725,跃岭股份,002725.SZ,002725,
002726,龙大美食,002726.SZ,002726,
002727,一心堂,002727.SZ,002727,
002728,特一药业,002728.SZ,002728,
002729,好利科技,002729.SZ,002729,
002730,电光科技,002730.SZ,002730,
002731,ST萃华,002731.SZ,002731,
002732,燕塘乳业,002732.SZ,002732,
002733,雄韬股份,002733.SZ,002733,
002734,利民股份,002734.SZ,002734,
002735,王子新材,002735.SZ,002735,
002736,国信证券,002736.SZ,002736,
002737,葵花药业,002737.SZ,002737,
002738,中矿资源,002738.SZ,002738,
002739,万达电影,002739.SZ,002739,
002741,光华科技,002741.SZ,002741,
002742,*ST三圣,002742.SZ,002742,
002743,富煌钢构,002743.SZ,002743,
002745,木林森,002745.SZ,002745,
002746,仙坛股份,002746.SZ,002746,
002747,埃斯顿,002747.SZ,002747,
002748,世龙实业,002748.SZ,002748,
002749,国光股份,002749.SZ,002749,
002752,昇兴股份,002752.SZ,002752,
002753,永东股份,002753.SZ,002753,
002755,奥赛康,002755.SZ,002755,
002756,永兴材料,002756.SZ,002756,
002757,南兴股份,002757.SZ,002757,
002758,浙农股份,002758.SZ,002758,
002759,天际股份,002759.SZ,002759,
002760,凤形股份,002760.SZ,002760,
002761,浙江建投,002761.SZ,002761,
002762,*ST金比,002762.SZ,002762,
002763,汇洁股份,002763.SZ,002763,
002765,蓝黛科技,002765.SZ,002765,
002766,索菱股份,002766.SZ,002766,
002767,先锋电子,002767.SZ,002767,
002768,国恩股份,002768.SZ,002768,
002769,普路通,002769.SZ,002769,
002771,真视通,002771.SZ,002771,
002772,众兴菌业,002772.SZ,002772,
002773,康弘药业,002773.SZ,002773,
002774,快意电梯,002774.SZ,002774,
002775,文科股份,002775.SZ,002775,
002777,久远银海,002777.SZ,002777,
002778,中晟高科,002778.SZ,002778,
002779,中坚科技,002779.SZ,002779,
002780,三夫户外,002780.SZ,002780,
002782,可立克,002782.SZ,002782,
002783,凯龙股份,002783.SZ,002783,
002785,万里石,002785.SZ,002785,
002786,银宝山新,002786.SZ,002786,
002787,华源控股,002787.SZ,002787,
002788,鹭燕医药,002788.SZ,002788,
002789,*ST建艺,002789.SZ,002789,
002790,瑞尔特,002790.SZ,002790,
002791,坚朗五金,002791.SZ,002791,
002792,通宇通讯,002792.SZ,002792,
002793,罗欣药业,002793.SZ,002793,
002795,永和智控,002795.SZ,002795,
002796,世嘉科技,002796.SZ,002796,
002797,第一创业,002797.SZ,002797,
002798,帝欧水华,002798.SZ,002798,
002799,环球印务,002799.SZ,002799,
002800,天顺股份,002800.SZ,002800,
002801,微光股份,002801.SZ,002801,
002802,洪汇新材,002802.SZ,002802,
002803,吉宏股份,002803.SZ,002803,
002805,丰元股份,002805.SZ,002805,
002806,华锋股份,002806.SZ,002806,
002807,江阴银行,002807.SZ,002807,
002808,*ST恒久,002808.SZ,002808,
002809,红墙股份,002809.SZ,002809,
002810,山东赫达,002810.SZ,002810,
002811,郑中设计,002811.SZ,002811,
002812,恩捷股份,002812.SZ,002812,
002813,路畅科技,002813.SZ,002813,
002815,崇达技术,002815.SZ,002815,
002816,*ST和科,002816.SZ,002816,
002817,黄山胶囊,002817.SZ,002817,
002818,富森美,002818.SZ,002818,
002819,东方中科,002819.SZ,002819,
002820,桂发祥,002820.SZ,002820,
002821,凯莱英,002821.SZ,002821,
002822,ST中装,002822.SZ,002822,
002823,凯中精密,002823.SZ,002823,
002824,和胜股份,002824.SZ,002824,
002825,纳尔股份,002825.SZ,002825,
002826,易明医药,002826.SZ,002826,
002827,高争民爆,002827.SZ,002827,
002828,贝肯能源,002828.SZ,002828,
002829,星网宇达,002829.SZ,002829,
002830,名雕股份,002830.SZ,002830,
002831,裕同科技,002831.SZ,002831,
002832,比音勒芬,002832.SZ,002832,
002833,弘亚数控,002833.SZ,002833,
002835,同为股份,002835.SZ,002835,
002836,新宏泽,002836.SZ,002836,
002837,英维克,002837.SZ,002837,
002838,道恩股份,002838.SZ,002838,
002839,张家港行,002839.SZ,002839,
002840,华统股份,002840.SZ,002840,
002841,视源股份,002841.SZ,002841,
002842,翔鹭钨业,002842.SZ,002842,
002843,泰嘉股份,002843.SZ,002843,
002845,同兴达,002845.SZ,002845,
002846,英联股份,002846.SZ,002846,
002847,盐津铺子,002847.SZ,002847,
002848,*ST高斯,002848.SZ,002848,
002849,威星智能,002849.SZ,002849,
002850,科达利,002850.SZ,002850,
002851,麦格米特,002851.SZ,002851,
002852,道道全,002852.SZ,002852,
002853,皮阿诺,002853.SZ,002853,
002855,捷荣技术,002855.SZ,002855,
002856,美芝股份,002856.SZ,002856,
002857,三晖电气,002857.SZ,002857,
002858,力盛体育,002858.SZ,002858,
002859,洁美科技,002859.SZ,002859,
002860,星帅尔,002860.SZ,002860,
002861,瀛通通讯,002861.SZ,002861,
002862,实丰文化,002862.SZ,002862,
002863,今飞凯达,002863.SZ,002863,
002864,盘龙药业,002864.SZ,002864,
002865,钧达股份,002865.SZ,002865,
002866,传艺科技,002866.SZ,002866,
002867,周大生,002867.SZ,002867,
002868,*ST绿康,002868.SZ,002868,
002869,金溢科技,002869.SZ,002869,
002870,香山股份,002870.SZ,002870,
002871,伟隆股份,002871.SZ,002871,
002872,ST天圣,002872.SZ,002872,
002873,新天药业,002873.SZ,002873,
002875,安奈儿,002875.SZ,002875,
002876,三利谱,002876.SZ,002876,
002877,智能自控,002877.SZ,002877,
002878,元隆雅图,002878.SZ,002878,
002879,长缆科技,002879.SZ,002879,
002880,卫光生物,002880.SZ,002880,
002881,美格智能,002881.SZ,002881,
002882,金龙羽,002882.SZ,002882,
002883,中设股份,002883.SZ,002883,
002884,凌霄泵业,002884.SZ,002884,
002885,京泉华,002885.SZ,002885,
002886,沃特股份,002886.SZ,002886,
002887,绿茵生态,002887.SZ,002887,
002888,惠威科技,002888.SZ,002888,
002889,东方嘉盛,002889.SZ,002889,
002890,弘宇股份,002890.SZ,002890,
002891,中宠股份,002891.SZ,002891,
002892,科力尔,002892.SZ,002892,
002893,京能热力,002893.SZ,002893,
002895,川恒股份,002895.SZ,002895,
002896,中大力德,002896.SZ,002896,
002897,意华股份,002897.SZ,002897,
002898,*ST赛隆,002898.SZ,002898,
002899,英派斯,002899.SZ,002899,
002900,哈三联,002900.SZ,002900,
002901,大博医疗,002901.SZ,002901,
002902,铭普光磁,002902.SZ,002902,
002903,宇环数控,002903.SZ,002903,
002905,金逸影视,002905.SZ,002905,
002906,华阳集团,002906.SZ,002906,
002907,华森制药,002907.SZ,002907,
002908,德生科技,002908.SZ,002908,
002909,集泰股份,002909.SZ,002909,
002910,庄园牧场,002910.SZ,002910,
002911,佛燃能源,002911.SZ,002911,
002912,中新赛克,002912.SZ,002912,
002913,奥士康,002913.SZ,002913,
002915,中欣氟材,002915.SZ,002915,
002916,深南电路,002916.SZ,002916,
002917,金奥博,002917.SZ,002917,
002918,蒙娜丽莎,002918.SZ,002918,
002919,名臣健康,002919.SZ,002919,
002920,德赛西威,002920.SZ,002920,
002921,联诚精密,002921.SZ,002921,
002922,伊戈尔,002922.SZ,002922,
002923,润都股份,002923.SZ,002923,
002925,盈趣科技,002925.SZ,002925,
002926,华西证券,002926.SZ,002926,
002927,泰永长征,002927.SZ,002927,
002928,华夏航空,002928.SZ,002928,
002929,润建股份,002929.SZ,002929,
002930,宏川智慧,002930.SZ,002930,
002931,锋龙股份,002931.SZ,002931,
002932,明德生物,002932.SZ,002932,
002933,新兴装备,002933.SZ,002933,
002935,天奥电子,002935.SZ,002935,
002936,郑州银行,002936.SZ,002936,
002937,兴瑞科技,002937.SZ,002937,
002938,鹏鼎控股,002938.SZ,002938,
002939,长城证券,002939.SZ,002939,
002940,昂利康,002940.SZ,002940,
002941,新疆交建,002941.SZ,002941,
002942,新农股份,002942.SZ,002942,
002943,宇晶股份,002943.SZ,002943,
002945,华林证券,002945.SZ,002945,
002946,新乳业,002946.SZ,002946,
002947,恒铭达,002947.SZ,002947,
002948,青岛银行,002948.SZ,002948,
002949,华阳国际,002949.SZ,002949,
002950,奥美医疗,002950.SZ,002950,
002951,金时科技,002951.SZ,002951,
002952,亚世光电,002952.SZ,002952,
002953,日丰股份,002953.SZ,002953,
002955,鸿合科技,002955.SZ,002955,
002956,西麦食品,002956.SZ,002956,
002957,科瑞技术,002957.SZ,002957,
002958,青农商行,002958.SZ,002958,
002959,小熊电器,002959.SZ,002959,
002960,青鸟消防,002960.SZ,002960,
002961,瑞达期货,002961.SZ,002961,
002962,五方光电,002962.SZ,002962,
002963,豪尔赛,002963.SZ,002963,
002965,祥鑫科技,002965.SZ,002965,
002966,苏州银行,002966.SZ,002966,
002967,广电计量,002967.SZ,002967,
002968,新大正,002968.SZ,002968,
002969,嘉美包装,002969.SZ,002969,
002970,锐明技术,002970.SZ,002970,
002971,和远气体,002971.SZ,002971,
002972,科安达,002972.SZ,002972,
002973,侨银股份,002973.SZ,002973,
002975,博杰股份,002975.SZ,002975,
002976,瑞玛精密,002976.SZ,002976,
002977,天箭科技,002977.SZ,002977,
002978,安宁股份,002978.SZ,002978,
002979,雷赛智能,002979.SZ,002979,
002980,华盛昌,002980.SZ,002980,
002981,朝阳科技,002981.SZ,002981,
002982,湘佳股份,002982.SZ,002982,
002983,芯瑞达,002983.SZ,002983,
002984,森麒麟,002984.SZ,002984,
002985,北摩高科,002985.SZ,002985,
002986,宇新股份,002986.SZ,002986,
002987,京北方,002987.SZ,002987,
002988,豪美新材,002988.SZ,002988,
002989,中天精装,002989.SZ,002989,
002990,盛视科技,002990.SZ,002990,
002991,甘源食品,002991.SZ,002991,
002992,宝明科技,002992.SZ,002992,
002993,奥海科技,002993.SZ,002993,
002995,天地在线,002995.SZ,002995,
002996,顺博合金,002996.SZ,002996,
002997,瑞鹄模具,002997.SZ,002997,
002998,优彩资源,002998.SZ,002998,
002999,天禾股份,002999.SZ,002999,
003000,劲仔食品,003000.SZ,003000,
003001,中岩大地,003001.SZ,003001,
003002,壶化股份,003002.SZ,003002,
003003,天元股份,003003.SZ,003003,
003004,*ST声迅,003004.SZ,003004,
003005,竞业达,003005.SZ,003005,
003006,百亚股份,003006.SZ,003006,
003007,直真科技,003007.SZ,003007,
003008,开普检测,003008.SZ,003008,
003009,中天火箭,003009.SZ,003009,
003010,若羽臣,003010.SZ,003010,
003011,海象新材,003011.SZ,003011,
003012,东鹏控股,003012.SZ,003012,
003013,地铁设计,003013.SZ,003013,
003015,日久光电,003015.SZ,003015,
003016,欣贺股份,003016.SZ,003016,
003017,大洋生物,003017.SZ,003017,
003018,金富科技,003018.SZ,003018,
003019,宸展光电,003019.SZ,003019,
003020,立方制药,003020.SZ,003020,
003021,兆威机电,003021.SZ,003021,
003022,联泓新科,003022.SZ,003022,
003023,彩虹集团,003023.SZ,003023,
003025,思进智能,003025.SZ,003025,
003026,中晶科技,003026.SZ,003026,
003027,同兴科技,003027.SZ,003027,
003028,振邦智能,003028.SZ,003028,
003029,吉大正元,003029.SZ,003029,
003030,祖名股份,003030.SZ,003030,
003031,中瓷电子,003031.SZ,003031,
003032,*ST传智,003032.SZ,003032,
003033,征和工业,003033.SZ,003033,
003035,南网能源,003035.SZ,003035,
003036,泰坦股份,003036.SZ,003036,
003037,三和管桩,003037.SZ,003037,
003038,鑫铂股份,003038.SZ,003038,
003039,顺控发展,003039.SZ,003039,
003040,楚天龙,003040.SZ,003040,
003041,真爱美家,003041.SZ,003041,
003042,中农联合,003042.SZ,003042,
003043,华亚智能,003043.SZ,003043,
003816,中国广核,003816.SZ,003816,
300001,特锐德,300001.SZ,300001,
300002,神州泰岳,300002.SZ,300002,
300003,乐普医疗,300003.SZ,300003,
300004,南风股份,300004.SZ,300004,
300005,探路者,300005.SZ,300005,
300006,莱美药业,300006.SZ,300006,
300007,汉威科技,300007.SZ,300007,
300008,天海防务,300008.SZ,300008,
300009,安科生物,300009.SZ,300009,
300010,豆神教育,300010.SZ,300010,
300011,鼎汉技术,300011.SZ,300011,
300012,华测检测,300012.SZ,300012,
300013,新宁物流,300013.SZ,300013,
300014,亿纬锂能,300014.SZ,300014,
300015,爱尔眼科,300015.SZ,300015,
300016,北陆药业,300016.SZ,300016,
300017,网宿科技,300017.SZ,300017,
300018,中元股份,300018.SZ,300018,
300019,硅宝科技,300019.SZ,300019,
300020,ST银江,300020.SZ,300020,
300021,大禹节水,300021.SZ,300021,
300022,吉峰科技,300022.SZ,300022,
300024,机器人,300024.SZ,300024,
300025,华星创业,300025.SZ,300025,
300026,红日药业,300026.SZ,300026,
300027,华谊兄弟,300027.SZ,300027,
300029,*ST天龙,300029.SZ,300029,
300030,阳普医疗,300030.SZ,300030,
300031,宝通科技,300031.SZ,300031,
300032,金龙机电,300032.SZ,300032,
300033,同花顺,300033.SZ,300033,
300034,钢研高纳,300034.SZ,300034,
300035,中科电气,300035.SZ,300035,
300036,超图软件,300036.SZ,300036,
300037,新宙邦,300037.SZ,300037,
300039,上海凯宝,300039.SZ,300039,
300040,九洲集团,300040.SZ,300040,
300041,回天新材,300041.SZ,300041,
300042,朗科科技,300042.SZ,300042,
300043,星辉娱乐,300043.SZ,300043,
300044,ST赛为,300044.SZ,300044,
300045,华力创通,300045.SZ,300045,
300046,台基股份,300046.SZ,300046,
300047,天源迪科,300047.SZ,300047,
300048,合康新能,300048.SZ,300048,
300049,福瑞医科,300049.SZ,300049,
300050,世纪鼎利,300050.SZ,300050,
300051,琏升科技,300051.SZ,300051,
300052,中青宝,300052.SZ,300052,
300053,航宇微,300053.SZ,300053,
300054,鼎龙股份,300054.SZ,300054,
300055,万邦达,300055.SZ,300055,
300056,中创环保,300056.SZ,300056,
300057,万顺新材,300057.SZ,300057,
300058,蓝色光标,300058.SZ,300058,
300059,东方财富,300059.SZ,300059,
300061,旗天科技,300061.SZ,300061,
300062,中能电气,300062.SZ,300062,
300063,天龙集团,300063.SZ,300063,
300065,海兰信,300065.SZ,300065,
300066,三川智慧,300066.SZ,300066,
300067,安诺其,300067.SZ,300067,
300068,南都电源,300068.SZ,300068,
300069,金利华电,300069.SZ,300069,
300070,碧水源,300070.SZ,300070,
300071,福石控股,300071.SZ,300071,
300072,海新能科,300072.SZ,300072,
300073,当升科技,300073.SZ,300073,
300074,华平股份,300074.SZ,300074,
300075,数字政通,300075.SZ,300075,
300076,GQY视讯,300076.SZ,300076,
300077,国民技术,300077.SZ,300077,
300078,思创智联,300078.SZ,300078,
300079,数码视讯,300079.SZ,300079,
300080,易成新能,300080.SZ,300080,
300081,ST恒信,300081.SZ,300081,
300082,奥克股份,300082.SZ,300082,
300083,创世纪,300083.SZ,300083,
300084,海默科技,300084.SZ,300084,
300085,银之杰,300085.SZ,300085,
300086,康芝药业,300086.SZ,300086,
300087,荃银高科,300087.SZ,300087,
300088,长信科技,300088.SZ,300088,
300091,*ST金灵,300091.SZ,300091,
300092,科新机电,300092.SZ,300092,
300093,*ST金刚,300093.SZ,300093,
300094,国联水产,300094.SZ,300094,
300095,华伍股份,300095.SZ,300095,
300096,ST易联众,300096.SZ,300096,
300097,智云股份,300097.SZ,300097,
300098,高新兴,300098.SZ,300098,
300099,尤洛卡,300099.SZ,300099,
300100,双林股份,300100.SZ,300100,
300101,振芯科技,300101.SZ,300101,
300102,乾照光电,300102.SZ,300102,
300103,达刚控股,300103.SZ,300103,
300105,龙源技术,300105.SZ,300105,
300106,西部牧业,300106.SZ,300106,
300107,建新股份,300107.SZ,300107,
300109,新开源,300109.SZ,300109,
300110,华仁药业,300110.SZ,300110,
300111,向日葵,300111.SZ,300111,
300112,万讯自控,300112.SZ,300112,
300113,顺网科技,300113.SZ,300113,
300115,长盈精密,300115.SZ,300115,
300118,东方日升,300118.SZ,300118,
300119,瑞普生物,300119.SZ,300119,
300120,经纬辉开,300120.SZ,300120,
300121,阳谷华泰,300121.SZ,300121,
300122,智飞生物,300122.SZ,300122,
300123,亚光科技,300123.SZ,300123,
300124,汇川技术,300124.SZ,300124,
300125,*ST聆达,300125.SZ,300125,
300126,锐奇股份,300126.SZ,300126,
300127,银河磁体,300127.SZ,300127,
300128,锦富技术,300128.SZ,300128,
300129,泰胜风能,300129.SZ,300129,
300130,新国都,300130.SZ,300130,
300131,英唐智控,300131.SZ,300131,
300132,青松股份,300132.SZ,300132,
300133,华策影视,300133.SZ,300133,
300134,大富科技,300134.SZ,300134,
300135,宝利国际,300135.SZ,300135,
300136,信维通信,300136.SZ,300136,
300137,先河环保,300137.SZ,300137,
300138,晨光生物,300138.SZ,300138,
300139,晓程科技,300139.SZ,300139,
300140,节能环境,300140.SZ,300140,
300141,和顺电气,300141.SZ,300141,
300142,沃森生物,300142.SZ,300142,
300143,盈康生命,300143.SZ,300143,
300144,宋城演艺,300144.SZ,300144,
300145,南方泵业,300145.SZ,300145,
300146,汤臣倍健,300146.SZ,300146,
300147,ST香雪,300147.SZ,300147,
300148,天舟文化,300148.SZ,300148,
300149,睿智医药,300149.SZ,300149,
300150,世纪瑞尔,300150.SZ,300150,
300151,昌红科技,300151.SZ,300151,
300152,ST新动力,300152.SZ,300152,
300153,科泰电源,300153.SZ,300153,
300154,瑞凌股份,300154.SZ,300154,
300155,安居宝,300155.SZ,300155,
300157,新锦动力,300157.SZ,300157,
300158,振东制药,300158.SZ,300158,
300159,*ST新研,300159.SZ,300159,
300160,秀强股份,300160.SZ,300160,
300161,华中数控,300161.SZ,300161,
300162,雷曼光电,300162.SZ,300162,
300163,先锋新材,300163.SZ,300163,
300164,通源石油,300164.SZ,300164,
300165,天瑞仪器,300165.SZ,300165,
300166,东方国信,300166.SZ,300166,
300167,ST迪威迅,300167.SZ,300167,
300168,万达信息,300168.SZ,300168,
300169,天晟新材,300169.SZ,300169,
300170,汉得信息,300170.SZ,300170,
300171,东富龙,300171.SZ,300171,
300172,中电环保,300172.SZ,300172,
300173,ST福能,300173.SZ,300173,
300174,元力股份,300174.SZ,300174,
300175,ST朗源,300175.SZ,300175,
300176,鸿特科技,300176.SZ,300176,
300177,中海达,300177.SZ,300177,
300179,四方达,300179.SZ,300179,
300180,华峰超纤,300180.SZ,300180,
300181,佐力药业,300181.SZ,300181,
300182,捷成股份,300182.SZ,300182,
300183,东软载波,300183.SZ,300183,
300184,力源信息,300184.SZ,300184,
300185,通裕重工,300185.SZ,300185,
300187,永清环保,300187.SZ,300187,
300188,国投智能,300188.SZ,300188,
300189,神农种业,300189.SZ,300189,
300190,维尔利,300190.SZ,300190,
300191,潜能恒信,300191.SZ,300191,
300192,科德教育,300192.SZ,300192,
300193,佳士科技,300193.SZ,300193,
300194,福安药业,300194.SZ,300194,
300195,长荣股份,300195.SZ,300195,
300196,长海股份,300196.SZ,300196,
300197,节能铁汉,300197.SZ,300197,
300198,ST纳川,300198.SZ,300198,
300199,翰宇药业,300199.SZ,300199,
300200,高盟新材,300200.SZ,300200,
300201,海伦哲,300201.SZ,300201,
300203,聚光科技,300203.SZ,300203,
300204,舒泰神,300204.SZ,300204,
300205,*ST天喻,300205.SZ,300205,
300206,理邦仪器,300206.SZ,300206,
300207,欣旺达,300207.SZ,300207,
300209,行云科技,300209.SZ,300209,
300210,森远股份,300210.SZ,300210,
300211,*ST亿通,300211.SZ,300211,
300212,易华录,300212.SZ,300212,
300213,佳讯飞鸿,300213.SZ,300213,
300214,日科化学,300214.SZ,300214,
300215,电科院,300215.SZ,300215,
300217,东方电热,300217.SZ,300217,
300218,安利股份,300218.SZ,300218,
300219,鸿利智汇,300219.SZ,300219,
300220,金运激光,300220.SZ,300220,
300221,银禧科技,300221.SZ,300221,
300222,科大智能,300222.SZ,300222,
300223,北京君正,300223.SZ,300223,
300224,正海磁材,300224.SZ,300224,
300225,*ST金泰,300225.SZ,300225,
300226,上海钢联,300226.SZ,300226,
300227,光韵达,300227.SZ,300227,
300228,富瑞特装,300228.SZ,300228,
300229,拓尔思,300229.SZ,300229,
300230,永利股份,300230.SZ,300230,
300231,银信科技,300231.SZ,300231,
300232,洲明科技,300232.SZ,300232,
300233,金城医药,300233.SZ,300233,
300234,开尔新材,300234.SZ,300234,
300235,方直科技,300235.SZ,300235,
300236,上海新阳,300236.SZ,300236,
300237,ST美晨,300237.SZ,300237,
300238,冠昊生物,300238.SZ,300238,
300239,东宝生物,300239.SZ,300239,
300240,飞力达,300240.SZ,300240,
300241,瑞丰光电,300241.SZ,300241,
300242,佳云科技,300242.SZ,300242,
300243,瑞丰高材,300243.SZ,300243,
300244,迪安诊断,300244.SZ,300244,
300245,天玑科技,300245.SZ,300245,
300246,宝莱特,300246.SZ,300246,
300247,融捷健康,300247.SZ,300247,
300248,新开普,300248.SZ,300248,
300249,依米康,300249.SZ,300249,
300250,初灵信息,300250.SZ,300250,
300251,光线传媒,300251.SZ,300251,
300252,金信诺,300252.SZ,300252,
300253,卫宁健康,300253.SZ,300253,
300254,仟源医药,300254.SZ,300254,
300255,常山药业,300255.SZ,300255,
300256,星星科技,300256.SZ,300256,
300257,开山股份,300257.SZ,300257,
300258,精锻科技,300258.SZ,300258,
300259,新天科技,300259.SZ,300259,
300260,新莱应材,300260.SZ,300260,
300261,雅本化学,300261.SZ,300261,
300263,隆华科技,300263.SZ,300263,
300264,佳创视讯,300264.SZ,300264,
300265,通光线缆,300265.SZ,300265,
300266,兴源环境,300266.SZ,300266,
300267,尔康制药,300267.SZ,300267,
300268,*ST佳沃,300268.SZ,300268,
300269,联建光电,300269.SZ,300269,
300270,中威电子,300270.SZ,300270,
300271,华宇软件,300271.SZ,300271,
300272,开能健康,300272.SZ,300272,
300274,阳光电源,300274.SZ,300274,
300275,梅安森,300275.SZ,300275,
300276,三丰智能,300276.SZ,300276,
300277,汽轮科技,300277.SZ,300277,
300278,华昌达,300278.SZ,300278,
300279,和晶科技,300279.SZ,300279,
300281,金明精机,300281.SZ,300281,
300283,温州宏丰,300283.SZ,300283,
300284,苏交科,300284.SZ,300284,
300285,国瓷材料,300285.SZ,300285,
300286,安科瑞,300286.SZ,300286,
300287,飞利信,300287.SZ,300287,
300288,朗玛信息,300288.SZ,300288,
300289,利德曼,300289.SZ,300289,
300290,荣科科技,300290.SZ,300290,
300291,百纳千成,300291.SZ,300291,
300292,吴通控股,300292.SZ,300292,
300293,蓝英装备,300293.SZ,300293,
300294,博雅生物,300294.SZ,300294,
300295,三六五网,300295.SZ,300295,
300296,利亚德,300296.SZ,300296,
300298,三诺生物,300298.SZ,300298,
300299,富春股份,300299.SZ,300299,
300300,海峡创新,300300.SZ,300300,
300301,ST长方,300301.SZ,300301,
300302,同有科技,300302.SZ,300302,
300303,聚飞光电,300303.SZ,300303,
300304,云意电气,300304.SZ,300304,
300305,裕兴股份,300305.SZ,300305,
300306,远方信息,300306.SZ,300306,
300307,慈星股份,300307.SZ,300307,
300308,中际旭创,300308.SZ,300308,
300310,宜通世纪,300310.SZ,300310,
300311,ST任子行,300311.SZ,300311,
300313,*ST天山,300313.SZ,300313,
300314,戴维医疗,300314.SZ,300314,
300315,掌趣科技,300315.SZ,300315,
300316,晶盛机电,300316.SZ,300316,
300317,珈伟新能,300317.SZ,300317,
300318,博晖创新,300318.SZ,300318,
300319,麦捷科技,300319.SZ,300319,
300320,海达股份,300320.SZ,300320,
300321,同大股份,300321.SZ,300321,
300322,硕贝德,300322.SZ,300322,
300323,华灿光电,300323.SZ,300323,
300324,旋极信息,300324.SZ,300324,
300326,ST凯利,300326.SZ,300326,
300327,中颖电子,300327.SZ,300327,
300328,宜安科技,300328.SZ,300328,
300329,海伦钢琴,300329.SZ,300329,
300331,苏大维格,300331.SZ,300331,
300332,天壕能源,300332.SZ,300332,
300333,兆日科技,300333.SZ,300333,
300334,津膜科技,300334.SZ,300334,
300335,迪森股份,300335.SZ,300335,
300337,银邦股份,300337.SZ,300337,
300338,ST开元,300338.SZ,300338,
300339,润和软件,300339.SZ,300339,
300340,科恒股份,300340.SZ,300340,
300341,麦克奥迪,300341.SZ,300341,
300342,天银机电,300342.SZ,300342,
300343,ST联创,300343.SZ,300343,
300344,立方退,300344.SZ,300344,
300345,华民股份,300345.SZ,300345,
300346,南大光电,300346.SZ,300346,
300347,泰格医药,300347.SZ,300347,
300348,长亮科技,300348.SZ,300348,
300349,金卡智能,300349.SZ,300349,
300350,华鹏飞,300350.SZ,300350,
300351,永贵电器,300351.SZ,300351,
300352,北信源,300352.SZ,300352,
300353,东土科技,300353.SZ,300353,
300354,东华测试,300354.SZ,300354,
300355,蒙草生态,300355.SZ,300355,
300357,我武生物,300357.SZ,300357,
300358,楚天科技,300358.SZ,300358,
300359,全通教育,300359.SZ,300359,
300360,炬华科技,300360.SZ,300360,
300363,博腾股份,300363.SZ,300363,
300364,中文在线,300364.SZ,300364,
300365,恒华科技,300365.SZ,300365,
300366,ST创意,300366.SZ,300366,
300368,汇金股份,300368.SZ,300368,
300369,绿盟科技,300369.SZ,300369,
300370,安控科技,300370.SZ,300370,
300371,汇中股份,300371.SZ,300371,
300373,扬杰科技,300373.SZ,300373,
300374,中铁装配,300374.SZ,300374,
300375,鹏翎股份,300375.SZ,300375,
300376,易事特,300376.SZ,300376,
300377,赢时胜,300377.SZ,300377,
300378,鼎捷数智,300378.SZ,300378,
300380,安硕信息,300380.SZ,300380,
300381,溢多利,300381.SZ,300381,
300382,斯莱克,300382.SZ,300382,
300383,光环新网,300383.SZ,300383,
300384,三联虹普,300384.SZ,300384,
300385,ST雪浪,300385.SZ,300385,
300386,飞天诚信,300386.SZ,300386,
300387,富邦科技,300387.SZ,300387,
300388,节能国祯,300388.SZ,300388,
300389,艾比森,300389.SZ,300389,
300390,天华新能,300390.SZ,300390,
300393,中来股份,300393.SZ,300393,
300394,天孚通信,300394.SZ,300394,
300395,菲利华,300395.SZ,300395,
300396,迪瑞医疗,300396.SZ,300396,
300397,天和防务,300397.SZ,300397,
300398,飞凯材料,300398.SZ,300398,
300399,天利科技,300399.SZ,300399,
300400,劲拓股份,300400.SZ,300400,
300401,花园生物,300401.SZ,300401,
300402,宝色股份,300402.SZ,300402,
300403,汉宇集团,300403.SZ,300403,
300404,博济医药,300404.SZ,300404,
300405,科隆股份,300405.SZ,300405,
300406,九强生物,300406.SZ,300406,
300407,凯发电气,300407.SZ,300407,
300408,三环集团,300408.SZ,300408,
300409,道氏技术,300409.SZ,300409,
300410,正业科技,300410.SZ,300410,
300411,金盾股份,300411.SZ,300411,
300412,迦南科技,300412.SZ,300412,
300413,芒果超媒,300413.SZ,300413,
300414,中光防雷,300414.SZ,300414,
300415,伊之密,300415.SZ,300415,
300416,苏试试验,300416.SZ,300416,
300417,南华仪器,300417.SZ,300417,
300418,昆仑万维,300418.SZ,300418,
300419,ST浩丰,300419.SZ,300419,
300420,五洋自控,300420.SZ,300420,
300421,力星股份,300421.SZ,300421,
300422,博世科,300422.SZ,300422,
300423,昇辉科技,300423.SZ,300423,
300424,航新科技,300424.SZ,300424,
300425,中建环能,300425.SZ,300425,
300426,华智数媒,300426.SZ,300426,
300427,红相股份,300427.SZ,300427,
300428,立中集团,300428.SZ,300428,
300429,强力新材,300429.SZ,300429,
300430,诚益通,300430.SZ,300430,
300432,富临精工,300432.SZ,300432,
300433,蓝思科技,300433.SZ,300433,
300434,金石亚药,300434.SZ,300434,
300435,中泰股份,300435.SZ,300435,
300436,广生堂,300436.SZ,300436,
300437,清水源,300437.SZ,300437,
300438,鹏辉能源,300438.SZ,300438,
300439,美康生物,300439.SZ,300439,
300440,运达科技,300440.SZ,300440,
300441,鲍斯股份,300441.SZ,300441,
300442,润泽科技,300442.SZ,300442,
300443,金雷股份,300443.SZ,300443,
300444,双杰电气,300444.SZ,300444,
300445,康斯特,300445.SZ,300445,
300446,航天智造,300446.SZ,300446,
300447,全信股份,300447.SZ,300447,
300448,浩云科技,300448.SZ,300448,
300449,汉邦高科,300449.SZ,300449,
300450,先导智能,300450.SZ,300450,
300451,创业慧康,300451.SZ,300451,
300452,山河药辅,300452.SZ,300452,
300453,三鑫医疗,300453.SZ,300453,
300454,深信服,300454.SZ,300454,
300455,航天智装,300455.SZ,300455,
300456,赛微电子,300456.SZ,300456,
300457,赢合科技,300457.SZ,300457,
300458,全志科技,300458.SZ,300458,
300459,汤姆猫,300459.SZ,300459,
300460,ST惠伦,300460.SZ,300460,
300461,田中精机,300461.SZ,300461,
300462,ST华铭,300462.SZ,300462,
300463,迈克生物,300463.SZ,300463,
300464,星徽股份,300464.SZ,300464,
300465,高伟达,300465.SZ,300465,
300466,赛摩智能,300466.SZ,300466,
300467,迅游科技,300467.SZ,300467,
300468,四方精创,300468.SZ,300468,
300469,信息发展,300469.SZ,300469,
300470,中密控股,300470.SZ,300470,
300471,厚普股份,300471.SZ,300471,
300472,*ST新元,300472.SZ,300472,
300473,德尔股份,300473.SZ,300473,
300474,景嘉微,300474.SZ,300474,
300475,香农芯创,300475.SZ,300475,
300476,胜宏科技,300476.SZ,300476,
300477,ST合纵,300477.SZ,300477,
300478,杭州高新,300478.SZ,300478,
300479,神思电子,300479.SZ,300479,
300480,光力科技,300480.SZ,300480,
300481,濮阳惠成,300481.SZ,300481,
300482,万孚生物,300482.SZ,300482,
300483,首华燃气,300483.SZ,300483,
300484,蓝海华腾,300484.SZ,300484,
300485,赛升药业,300485.SZ,300485,
300486,东杰智能,300486.SZ,300486,
300487,蓝晓科技,300487.SZ,300487,
300488,恒锋工具,300488.SZ,300488,
300489,光智科技,300489.SZ,300489,
300490,华自科技,300490.SZ,300490,
300491,通合科技,300491.SZ,300491,
300492,华图山鼎,300492.SZ,300492,
300493,润欣科技,300493.SZ,300493,
300494,盛天网络,300494.SZ,300494,
300496,中科创达,300496.SZ,300496,
300497,富祥药业,300497.SZ,300497,
300498,温氏股份,300498.SZ,300498,
300499,高澜股份,300499.SZ,300499,
300500,启迪设计,300500.SZ,300500,
300501,海顺新材,300501.SZ,300501,
300502,新易盛,300502.SZ,300502,
300503,昊志机电,300503.SZ,300503,
300504,天邑股份,300504.SZ,300504,
300505,川金诺,300505.SZ,300505,
300506,ST名家汇,300506.SZ,300506,
300507,苏奥传感,300507.SZ,300507,
300508,维宏股份,300508.SZ,300508,
300509,新美星,300509.SZ,300509,
300510,金冠股份,300510.SZ,300510,
300511,雪榕生物,300511.SZ,300511,
300512,中亚股份,300512.SZ,300512,
300513,恒实科技,300513.SZ,300513,
300514,友讯达,300514.SZ,300514,
300515,三德科技,300515.SZ,300515,
300516,久之洋,300516.SZ,300516,
300517,海波重科,300517.SZ,300517,
300518,新迅达,300518.SZ,300518,
300519,新光药业,300519.SZ,300519,
300520,科大国创,300520.SZ,300520,
300521,爱司凯,300521.SZ,300521,
300522,世名科技,300522.SZ,300522,
300523,辰安科技,300523.SZ,300523,
300525,博思软件,300525.SZ,300525,
300527,ST应急,300527.SZ,300527,
300528,幸福蓝海,300528.SZ,300528,
300529,健帆生物,300529.SZ,300529,
300530,领湃科技,300530.SZ,300530,
300531,优博讯,300531.SZ,300531,
300532,今天国际,300532.SZ,300532,
300533,冰川网络,300533.SZ,300533,
300534,陇神戎发,300534.SZ,300534,
300535,达威股份,300535.SZ,300535,
300536,农尚环境,300536.SZ,300536,
300537,广信材料,300537.SZ,300537,
300538,同益股份,300538.SZ,300538,
300539,横河精密,300539.SZ,300539,
300540,蜀道装备,300540.SZ,300540,
300541,先进数通,300541.SZ,300541,
300542,新晨科技,300542.SZ,300542,
300543,朗科智能,300543.SZ,300543,
300545,联得装备,300545.SZ,300545,
300546,雄帝科技,300546.SZ,300546,
300547,川环科技,300547.SZ,300547,
300548,长芯博创,300548.SZ,300548,
300549,优德精密,300549.SZ,300549,
300550,和仁科技,300550.SZ,300550,
300551,古鳌科技,300551.SZ,300551,
300552,万集科技,300552.SZ,300552,
300553,集智股份,300553.SZ,300553,
300554,三超新材,300554.SZ,300554,
300555,ST路通,300555.SZ,300555,
300556,丝路视觉,300556.SZ,300556,
300557,理工光科,300557.SZ,300557,
300558,贝达药业,300558.SZ,300558,
300559,佳发教育,300559.SZ,300559,
300560,中富通,300560.SZ,300560,
300561,*ST汇科,300561.SZ,300561,
300562,乐心医疗,300562.SZ,300562,
300563,神宇股份,300563.SZ,300563,
300564,筑博设计,300564.SZ,300564,
300565,科信技术,300565.SZ,300565,
300566,激智科技,300566.SZ,300566,
300567,精测电子,300567.SZ,300567,
300568,星源材质,300568.SZ,300568,
300569,天能重工,300569.SZ,300569,
300570,太辰光,300570.SZ,300570,
300571,平治信息,300571.SZ,300571,
300572,安车检测,300572.SZ,300572,
300573,兴齐眼药,300573.SZ,300573,
300575,中旗股份,300575.SZ,300575,
300576,容大感光,300576.SZ,300576,
300577,开润股份,300577.SZ,300577,
300578,会畅科技,300578.SZ,300578,
300579,数字认证,300579.SZ,300579,
300580,贝斯特,300580.SZ,300580,
300581,晨曦航空,300581.SZ,300581,
300582,英飞特,300582.SZ,300582,
300583,赛托生物,300583.SZ,300583,
300584,海辰药业,300584.SZ,300584,
300585,奥联电子,300585.SZ,300585,
300586,美联新材,300586.SZ,300586,
300587,天铁科技,300587.SZ,300587,
300588,熙菱信息,300588.SZ,300588,
300589,江龙船艇,300589.SZ,300589,
300590,移为通信,300590.SZ,300590,
300591,万里马,300591.SZ,300591,
300592,华凯易佰,300592.SZ,300592,
300593,新雷能,300593.SZ,300593,
300594,朗进科技,300594.SZ,300594,
300595,欧普康视,300595.SZ,300595,
300596,利安隆,300596.SZ,300596,
300597,吉大通信,300597.SZ,300597,
300598,诚迈科技,300598.SZ,300598,
300599,雄塑科技,300599.SZ,300599,
300600,国瑞科技,300600.SZ,300600,
300601,康泰生物,300601.SZ,300601,
300602,飞荣达,300602.SZ,300602,
300603,立昂技术,300603.SZ,300603,
300604,长川科技,300604.SZ,300604,
300605,恒锋信息,300605.SZ,300605,
300606,金太阳,300606.SZ,300606,
300607,拓斯达,300607.SZ,300607,
300608,思特奇,300608.SZ,300608,
300609,汇纳科技,300609.SZ,300609,
300610,晨化股份,300610.SZ,300610,
300611,美力科技,300611.SZ,300611,
300612,宣亚国际,300612.SZ,300612,
300613,富瀚微,300613.SZ,300613,
300614,百川畅银,300614.SZ,300614,
300615,欣天科技,300615.SZ,300615,
300616,尚品宅配,300616.SZ,300616,
300617,安靠智电,300617.SZ,300617,
300618,寒锐钴业,300618.SZ,300618,
300619,金银河,300619.SZ,300619,
300620,光库科技,300620.SZ,300620,
300621,维业股份,300621.SZ,300621,
300622,博士眼镜,300622.SZ,300622,
300623,捷捷微电,300623.SZ,300623,
300624,万兴科技,300624.SZ,300624,
300625,三雄极光,300625.SZ,300625,
300626,华瑞股份,300626.SZ,300626,
300627,华测导航,300627.SZ,300627,
300628,亿联网络,300628.SZ,300628,
300629,新劲刚,300629.SZ,300629,
300631,久吾高科,300631.SZ,300631,
300632,光莆股份,300632.SZ,300632,
300633,开立医疗,300633.SZ,300633,
300634,彩讯股份,300634.SZ,300634,
300635,中达安,300635.SZ,300635,
300636,同和药业,300636.SZ,300636,
300637,扬帆新材,300637.SZ,300637,
300638,广和通,300638.SZ,300638,
300639,凯普生物,300639.SZ,300639,
300640,德艺文创,300640.SZ,300640,
300641,正丹股份,300641.SZ,300641,
300642,透景生命,300642.SZ,300642,
300643,万通智控,300643.SZ,300643,
300644,南京聚隆,300644.SZ,300644,
300645,正元智慧,300645.SZ,300645,
300647,超频三,300647.SZ,300647,
300648,星云股份,300648.SZ,300648,
300649,杭州园林,300649.SZ,300649,
300650,太龙股份,300650.SZ,300650,
300651,金陵体育,300651.SZ,300651,
300652,雷迪克,300652.SZ,300652,
300653,正海生物,300653.SZ,300653,
300654,世纪天鸿,300654.SZ,300654,
300655,晶瑞电材,300655.SZ,300655,
300656,民德电子,300656.SZ,300656,
300657,弘信电子,300657.SZ,300657,
300658,延江股份,300658.SZ,300658,
300659,中孚信息,300659.SZ,300659,
300660,江苏雷利,300660.SZ,300660,
300661,圣邦股份,300661.SZ,300661,
300662,科锐国际,300662.SZ,300662,
300663,科蓝软件,300663.SZ,300663,
300664,鹏鹞环保,300664.SZ,300664,
300665,飞鹿股份,300665.SZ,300665,
300666,江丰电子,300666.SZ,300666,
300667,必创科技,300667.SZ,300667,
300668,杰恩设计,300668.SZ,300668,
300669,沪宁股份,300669.SZ,300669,
300670,大烨智能,300670.SZ,300670,
300671,富满微,300671.SZ,300671,
300672,国科微,300672.SZ,300672,
300673,佩蒂股份,300673.SZ,300673,
300674,宇信科技,300674.SZ,300674,
300675,建科院,300675.SZ,300675,
300676,华大基因,300676.SZ,300676,
300677,英科医疗,300677.SZ,300677,
300678,中科信息,300678.SZ,300678,
300679,电连技术,300679.SZ,300679,
300680,隆盛科技,300680.SZ,300680,
300681,英搏尔,300681.SZ,300681,
300682,朗新科技,300682.SZ,300682,
300683,海特生物,300683.SZ,300683,
300684,中石科技,300684.SZ,300684,
300685,艾德生物,300685.SZ,300685,
300686,智动力,300686.SZ,300686,
300687,赛意信息,300687.SZ,300687,
300688,创业黑马,300688.SZ,300688,
300689,澄天伟业,300689.SZ,300689,
300690,双一科技,300690.SZ,300690,
300691,联合光电,300691.SZ,300691,
300692,中赋科技,300692.SZ,300692,
300693,盛弘股份,300693.SZ,300693,
300694,蠡湖股份,300694.SZ,300694,
300695,兆丰股份,300695.SZ,300695,
300696,爱乐达,300696.SZ,300696,
300697,电工合金,300697.SZ,300697,
300698,万马科技,300698.SZ,300698,
300699,光威复材,300699.SZ,300699,
300700,岱勒新材,300700.SZ,300700,
300701,森霸传感,300701.SZ,300701,
300702,天宇股份,300702.SZ,300702,
300703,创源股份,300703.SZ,300703,
300705,九典制药,300705.SZ,300705,
300706,阿石创,300706.SZ,300706,
300707,威唐工业,300707.SZ,300707,
300708,聚灿光电,300708.SZ,300708,
300709,精研科技,300709.SZ,300709,
300710,万隆光电,300710.SZ,300710,
300711,广哈通信,300711.SZ,300711,
300712,永福股份,300712.SZ,300712,
300713,英可瑞,300713.SZ,300713,
300715,凯伦股份,300715.SZ,300715,
300716,ST泉为,300716.SZ,300716,
300717,华信新材,300717.SZ,300717,
300718,长盛轴承,300718.SZ,300718,
300719,安达维尔,300719.SZ,300719,
300720,海川智能,300720.SZ,300720,
300721,怡达股份,300721.SZ,300721,
300722,新余国科,300722.SZ,300722,
300723,一品红,300723.SZ,300723,
300724,捷佳伟创,300724.SZ,300724,
300725,药石科技,300725.SZ,300725,
300726,宏达电子,300726.SZ,300726,
300727,润禾材料,300727.SZ,300727,
300729,乐歌股份,300729.SZ,300729,
300730,科创信息,300730.SZ,300730,
300731,科创新源,300731.SZ,300731,
300732,设研院,300732.SZ,300732,
300733,西菱动力,300733.SZ,300733,
300735,光弘科技,300735.SZ,300735,
300736,百邦科技,300736.SZ,300736,
300737,科顺股份,300737.SZ,300737,
300738,奥飞数据,300738.SZ,300738,
300739,明阳电路,300739.SZ,300739,
300740,水羊股份,300740.SZ,300740,
300741,华宝股份,300741.SZ,300741,
300743,天地数码,300743.SZ,300743,
300745,欣锐科技,300745.SZ,300745,
300746,汉嘉数智,300746.SZ,300746,
300747,锐科激光,300747.SZ,300747,
300748,金力永磁,300748.SZ,300748,
300749,顶固集创,300749.SZ,300749,
300750,宁德时代,300750.SZ,300750,
300751,迈为股份,300751.SZ,300751,
300752,隆利科技,300752.SZ,300752,
300753,爱朋医疗,300753.SZ,300753,
300755,华致酒行,300755.SZ,300755,
300756,金马游乐,300756.SZ,300756,
300757,罗博特科,300757.SZ,300757,
300758,七彩化学,300758.SZ,300758,
300759,康龙化成,300759.SZ,300759,
300760,迈瑞医疗,300760.SZ,300760,
300761,立华股份,300761.SZ,300761,
300762,上海瀚讯,300762.SZ,300762,
300763,锦浪科技,300763.SZ,300763,
300765,新诺威,300765.SZ,300765,
300766,每日互动,300766.SZ,300766,
300767,震安科技,300767.SZ,300767,
300768,迪普科技,300768.SZ,300768,
300769,德方纳米,300769.SZ,300769,
300770,新媒股份,300770.SZ,300770,
300771,智莱科技,300771.SZ,300771,
300772,运达股份,300772.SZ,300772,
300773,拉卡拉,300773.SZ,300773,
300774,倍杰特,300774.SZ,300774,
300775,三角防务,300775.SZ,300775,
300776,帝尔激光,300776.SZ,300776,
300777,中简科技,300777.SZ,300777,
300778,新城市,300778.SZ,300778,
300779,惠城环保,300779.SZ,300779,
300780,德恩精工,300780.SZ,300780,
300781,因赛集团,300781.SZ,300781,
300782,卓胜微,300782.SZ,300782,
300783,三只松鼠,300783.SZ,300783,
300784,利安科技,300784.SZ,300784,
300785,值得买,300785.SZ,300785,
300786,国林科技,300786.SZ,300786,
300787,海能实业,300787.SZ,300787,
300788,中信出版,300788.SZ,300788,
300789,唐源电气,300789.SZ,300789,
300790,宇瞳光学,300790.SZ,300790,
300791,仙乐健康,300791.SZ,300791,
300792,壹网壹创,300792.SZ,300792,
300793,佳禾智能,300793.SZ,300793,
300795,米奥会展,300795.SZ,300795,
300796,贝斯美,300796.SZ,300796,
300797,钢研纳克,300797.SZ,300797,
300798,锦鸡股份,300798.SZ,300798,
300800,力合科技,300800.SZ,300800,
300801,泰和科技,300801.SZ,300801,
300802,矩子科技,300802.SZ,300802,
300803,指南针,300803.SZ,300803,
300804,广康生化,300804.SZ,300804,
300805,电声股份,300805.SZ,300805,
300806,斯迪克,300806.SZ,300806,
300807,天迈科技,300807.SZ,300807,
300808,久量股份,300808.SZ,300808,
300809,华辰装备,300809.SZ,300809,
300810,中科海讯,300810.SZ,300810,
300811,铂科新材,300811.SZ,300811,
300812,易天股份,300812.SZ,300812,
300813,泰林生物,300813.SZ,300813,
300814,中富电路,300814.SZ,300814,
300815,玉禾田,300815.SZ,300815,
300816,艾可蓝,300816.SZ,300816,
300817,双飞集团,300817.SZ,300817,
300818,耐普矿机,300818.SZ,300818,
300819,聚杰微纤,300819.SZ,300819,
300820,英杰电气,300820.SZ,300820,
300821,东岳硅材,300821.SZ,300821,
300822,贝仕达克,300822.SZ,300822,
300823,建科智能,300823.SZ,300823,
300824,北鼎股份,300824.SZ,300824,
300825,阿尔特,300825.SZ,300825,
300826,测绘股份,300826.SZ,300826,
300827,上能电气,300827.SZ,300827,
300828,锐新科技,300828.SZ,300828,
300829,金丹科技,300829.SZ,300829,
300830,金现代,300830.SZ,300830,
300831,派瑞股份,300831.SZ,300831,
300832,新产业,300832.SZ,300832,
300833,浩洋股份,300833.SZ,300833,
300834,星辉环材,300834.SZ,300834,
300835,龙磁科技,300835.SZ,300835,
300836,佰奥智能,300836.SZ,300836,
300837,浙矿股份,300837.SZ,300837,
300838,浙江力诺,300838.SZ,300838,
300839,博汇股份,300839.SZ,300839,
300840,酷特智能,300840.SZ,300840,
300841,康华生物,300841.SZ,300841,
300842,帝科股份,300842.SZ,300842,
300843,胜蓝股份,300843.SZ,300843,
300844,山水比德,300844.SZ,300844,
300845,捷安高科,300845.SZ,300845,
300846,首都在线,300846.SZ,300846,
300847,中船汉光,300847.SZ,300847,
300848,美瑞新材,300848.SZ,300848,
300849,锦盛新材,300849.SZ,300849,
300850,新强联,300850.SZ,300850,
300851,交大思诺,300851.SZ,300851,
300852,四会富仕,300852.SZ,300852,
300853,申昊科技,300853.SZ,300853,
300854,中兰环保,300854.SZ,300854,
300855,图南股份,300855.SZ,300855,
300856,科思股份,300856.SZ,300856,
300857,协创数据,300857.SZ,300857,
300858,科拓生物,300858.SZ,300858,
300859,西域旅游,300859.SZ,300859,
300860,锋尚文化,300860.SZ,300860,
300861,美畅股份,300861.SZ,300861,
300862,蓝盾光电,300862.SZ,300862,
300863,卡倍亿,300863.SZ,300863,
300864,南大环境,300864.SZ,300864,
300865,大宏立,300865.SZ,300865,
300866,安克创新,300866.SZ,300866,
300867,圣元环保,300867.SZ,300867,
300868,杰美特,300868.SZ,300868,
300869,康泰医学,300869.SZ,300869,
300870,欧陆通,300870.SZ,300870,
300871,回盛生物,300871.SZ,300871,
300872,天阳科技,300872.SZ,300872,
300873,海晨股份,300873.SZ,300873,
300875,捷强装备,300875.SZ,300875,
300876,蒙泰高新,300876.SZ,300876,
300877,金春股份,300877.SZ,300877,
300878,维康药业,300878.SZ,300878,
300879,大叶股份,300879.SZ,300879,
300880,迦南智能,300880.SZ,300880,
300881,盛德鑫泰,300881.SZ,300881,
300882,万胜智能,300882.SZ,300882,
300883,龙利得,300883.SZ,300883,
300884,狄耐克,300884.SZ,300884,
300885,海昌新材,300885.SZ,300885,
300886,华业香料,300886.SZ,300886,
300887,谱尼测试,300887.SZ,300887,
300888,稳健医疗,300888.SZ,300888,
300889,爱克股份,300889.SZ,300889,
300890,翔丰华,300890.SZ,300890,
300891,惠云钛业,300891.SZ,300891,
300892,品渥食品,300892.SZ,300892,
300893,松原安全,300893.SZ,300893,
300894,火星人,300894.SZ,300894,
300895,铜牛信息,300895.SZ,300895,
300896,爱美客,300896.SZ,300896,
300897,山科智能,300897.SZ,300897,
300898,熊猫乳品,300898.SZ,300898,
300899,*ST凯鑫,300899.SZ,300899,
300900,广联航空,300900.SZ,300900,
300901,中胤时尚,300901.SZ,300901,
300902,国安达,300902.SZ,300902,
300903,科翔股份,300903.SZ,300903,
300904,威力传动,300904.SZ,300904,
300905,宝丽迪,300905.SZ,300905,
300906,日月明,300906.SZ,300906,
300907,康平科技,300907.SZ,300907,
300908,仲景食品,300908.SZ,300908,
300909,汇创达,300909.SZ,300909,
300910,瑞丰新材,300910.SZ,300910,
300911,亿田智能,300911.SZ,300911,
300912,凯龙高科,300912.SZ,300912,
300913,兆龙互连,300913.SZ,300913,
300915,海融科技,300915.SZ,300915,
300916,朗特智能,300916.SZ,300916,
300917,特发服务,300917.SZ,300917,
300918,南山智尚,300918.SZ,300918,
300919,中伟新材,300919.SZ,300919,
300920,润阳科技,300920.SZ,300920,
300921,南凌科技,300921.SZ,300921,
300922,天秦装备,300922.SZ,300922,
300923,研奥股份,300923.SZ,300923,
300925,法本信息,300925.SZ,300925,
300926,博俊科技,300926.SZ,300926,
300927,江天化学,300927.SZ,300927,
300928,华安鑫创,300928.SZ,300928,
300929,华骐环保,300929.SZ,300929,
300930,屹通新材,300930.SZ,300930,
300931,通用电梯,300931.SZ,300931,
300932,三友联众,300932.SZ,300932,
300933,中辰股份,300933.SZ,300933,
300935,盈建科,300935.SZ,300935,
300936,中英科技,300936.SZ,300936,
300937,药易购,300937.SZ,300937,
300938,信测标准,300938.SZ,300938,
300939,秋田微,300939.SZ,300939,
300940,南极光,300940.SZ,300940,
300941,创识科技,300941.SZ,300941,
300942,易瑞生物,300942.SZ,300942,
300943,春晖智控,300943.SZ,300943,
300945,曼卡龙,300945.SZ,300945,
300946,恒而达,300946.SZ,300946,
300947,德必集团,300947.SZ,300947,
300948,冠中生态,300948.SZ,300948,
300949,奥雅股份,300949.SZ,300949,
300950,德固特,300950.SZ,300950,
300951,博硕科技,300951.SZ,300951,
300952,恒辉安防,300952.SZ,300952,
300953,震裕科技,300953.SZ,300953,
300955,嘉亨家化,300955.SZ,300955,
300956,英力股份,300956.SZ,300956,
300957,贝泰妮,300957.SZ,300957,
300958,建工修复,300958.SZ,300958,
300959,线上线下,300959.SZ,300959,
300960,通业科技,300960.SZ,300960,
300961,深水海纳,300961.SZ,300961,
300962,中金辐照,300962.SZ,300962,
300963,中洲特材,300963.SZ,300963,
300964,本川智能,300964.SZ,300964,
300965,恒宇信通,300965.SZ,300965,
300966,共同药业,300966.SZ,300966,
300967,晓鸣股份,300967.SZ,300967,
300968,格林精密,300968.SZ,300968,
300969,恒帅股份,300969.SZ,300969,
300970,华绿生物,300970.SZ,300970,
300971,博亚精工,300971.SZ,300971,
300972,万辰集团,300972.SZ,300972,
300973,立高食品,300973.SZ,300973,
300975,商络电子,300975.SZ,300975,
300976,达瑞电子,300976.SZ,300976,
300977,深圳瑞捷,300977.SZ,300977,
300978,东箭科技,300978.SZ,300978,
300979,华利集团,300979.SZ,300979,
300980,祥源新材,300980.SZ,300980,
300981,中红医疗,300981.SZ,300981,
300982,苏文电能,300982.SZ,300982,
300983,尤安设计,300983.SZ,300983,
300984,金沃股份,300984.SZ,300984,
300985,致远新能,300985.SZ,300985,
300986,志特新材,300986.SZ,300986,
300987,川网传媒,300987.SZ,300987,
300988,津荣天宇,300988.SZ,300988,
300989,蕾奥规划,300989.SZ,300989,
300990,同飞股份,300990.SZ,300990,
300991,创益通,300991.SZ,300991,
300992,泰福泵业,300992.SZ,300992,
300993,玉马科技,300993.SZ,300993,
300994,久祺股份,300994.SZ,300994,
300995,奇德新材,300995.SZ,300995,
300996,普联软件,300996.SZ,300996,
300997,欢乐家,300997.SZ,300997,
300998,宁波方正,300998.SZ,300998,
300999,金龙鱼,300999.SZ,300999,
301000,肇民科技,301000.SZ,301000,
301001,凯淳股份,301001.SZ,301001,
301002,崧盛股份,301002.SZ,301002,
301003,江苏博云,301003.SZ,301003,
301004,嘉益股份,301004.SZ,301004,
301005,超捷股份,301005.SZ,301005,
301006,迈拓股份,301006.SZ,301006,
301007,德迈仕,301007.SZ,301007,
301008,宏昌科技,301008.SZ,301008,
301009,可靠股份,301009.SZ,301009,
301010,晶雪节能,301010.SZ,301010,
301011,华立科技,301011.SZ,301011,
301012,扬电科技,301012.SZ,301012,
301013,利和兴,301013.SZ,301013,
301015,百洋医药,301015.SZ,301015,
301016,雷尔伟,301016.SZ,301016,
301017,漱玉平民,301017.SZ,301017,
301018,申菱环境,301018.SZ,301018,
301019,宁波色母,301019.SZ,301019,
301020,密封科技,301020.SZ,301020,
301021,英诺激光,301021.SZ,301021,
301022,海泰科,301022.SZ,301022,
301023,奕帆传动,301023.SZ,301023,
301024,霍普股份,301024.SZ,301024,
301025,读客文化,301025.SZ,301025,
301026,浩通科技,301026.SZ,301026,
301027,华蓝集团,301027.SZ,301027,
301028,鼎熔岩,301028.SZ,301028,
301029,怡合达,301029.SZ,301029,
301030,仕净科技,301030.SZ,301030,
301031,中熔电气,301031.SZ,301031,
301032,新柴股份,301032.SZ,301032,
301033,迈普医学,301033.SZ,301033,
301035,润丰股份,301035.SZ,301035,
301036,双乐股份,301036.SZ,301036,
301037,保立佳,301037.SZ,301037,
301038,深水规院,301038.SZ,301038,
301039,中集车辆,301039.SZ,301039,
301040,中环海陆,301040.SZ,301040,
301041,金百泽,301041.SZ,301041,
301042,安联锐视,301042.SZ,301042,
301043,绿岛风,301043.SZ,301043,
301045,天禄科技,301045.SZ,301045,
301046,能辉科技,301046.SZ,301046,
301047,义翘神州,301047.SZ,301047,
301048,金鹰重工,301048.SZ,301048,
301049,超越科技,301049.SZ,301049,
301050,雷电微力,301050.SZ,301050,
301051,信濠光电,301051.SZ,301051,
301052,果麦文化,301052.SZ,301052,
301053,远信工业,301053.SZ,301053,
301055,张小泉,301055.SZ,301055,
301056,森赫股份,301056.SZ,301056,
301057,汇隆新材,301057.SZ,301057,
301058,中粮科工,301058.SZ,301058,
301059,金三江,301059.SZ,301059,
301060,兰卫医学,301060.SZ,301060,
301061,匠心家居,301061.SZ,301061,
301062,上海艾录,301062.SZ,301062,
301063,海锅股份,301063.SZ,301063,
301065,本立科技,301065.SZ,301065,
301066,万事利,301066.SZ,301066,
301067,显盈科技,301067.SZ,301067,
301068,大地海洋,301068.SZ,301068,
301069,凯盛新材,301069.SZ,301069,
301070,开勒股份,301070.SZ,301070,
301071,力量钻石,301071.SZ,301071,
301072,中捷精工,301072.SZ,301072,
301073,君亭酒店,301073.SZ,301073,
301075,多瑞医药,301075.SZ,301075,
301076,新瀚新材,301076.SZ,301076,
301077,星华新材,301077.SZ,301077,
301078,孩子王,301078.SZ,301078,
301079,邵阳液压,301079.SZ,301079,
301080,百普赛斯,301080.SZ,301080,
301081,严牌股份,301081.SZ,301081,
301082,久盛电气,301082.SZ,301082,
301083,百胜智能,301083.SZ,301083,
301085,亚康股份,301085.SZ,301085,
301086,鸿富瀚,301086.SZ,301086,
301087,可孚医疗,301087.SZ,301087,
301088,戎美股份,301088.SZ,301088,
301089,拓新药业,301089.SZ,301089,
301090,华润材料,301090.SZ,301090,
301091,深城交,301091.SZ,301091,
301092,争光股份,301092.SZ,301092,
301093,华兰股份,301093.SZ,301093,
301095,广立微,301095.SZ,301095,
301096,百诚医药,301096.SZ,301096,
301097,天益医疗,301097.SZ,301097,
301098,金埔园林,301098.SZ,301098,
301099,雅创电子,301099.SZ,301099,
301100,风光股份,301100.SZ,301100,
301101,明月镜片,301101.SZ,301101,
301102,兆讯传媒,301102.SZ,301102,
301103,何氏眼科,301103.SZ,301103,
301105,鸿铭股份,301105.SZ,301105,
301106,骏成科技,301106.SZ,301106,
301107,瑜欣电子,301107.SZ,301107,
301108,洁雅股份,301108.SZ,301108,
301109,军信股份,301109.SZ,301109,
301110,青木科技,301110.SZ,301110,
301111,粤万年青,301111.SZ,301111,
301112,信邦智能,301112.SZ,301112,
301113,雅艺科技,301113.SZ,301113,
301115,联检科技,301115.SZ,301115,
301116,益客食品,301116.SZ,301116,
301117,佳缘科技,301117.SZ,301117,
301118,恒光股份,301118.SZ,301118,
301119,正强股份,301119.SZ,301119,
301120,新特电气,301120.SZ,301120,
301121,紫建电子,301121.SZ,301121,
301122,采纳股份,301122.SZ,301122,
301123,奕东电子,301123.SZ,301123,
301125,腾亚精工,301125.SZ,301125,
301126,达嘉维康,301126.SZ,301126,
301127,武汉天源,301127.SZ,301127,
301128,强瑞技术,301128.SZ,301128,
301129,瑞纳智能,301129.SZ,301129,
301130,西点药业,301130.SZ,301130,
301131,聚赛龙,301131.SZ,301131,
301132,满坤科技,301132.SZ,301132,
301133,金钟股份,301133.SZ,301133,
301135,瑞德智能,301135.SZ,301135,
301136,招标股份,301136.SZ,301136,
301137,哈焊华通,301137.SZ,301137,
301138,华研精机,301138.SZ,301138,
301139,元道通信,301139.SZ,301139,
301141,中科磁业,301141.SZ,301141,
301148,嘉戎技术,301148.SZ,301148,
301149,隆华新材,301149.SZ,301149,
301150,中一科技,301150.SZ,301150,
301151,冠龙节能,301151.SZ,301151,
301152,天力锂能,301152.SZ,301152,
301153,中科江南,301153.SZ,301153,
301155,海力风电,301155.SZ,301155,
301156,美农生物,301156.SZ,301156,
301157,华塑科技,301157.SZ,301157,
301158,德石股份,301158.SZ,301158,
301159,三维天地,301159.SZ,301159,
301160,翔楼新材,301160.SZ,301160,
301161,唯万密封,301161.SZ,301161,
301162,国能日新,301162.SZ,301162,
301163,宏德股份,301163.SZ,301163,
301165,锐捷网络,301165.SZ,301165,
301166,优宁维,301166.SZ,301166,
301167,建研设计,301167.SZ,301167,
301168,通灵股份,301168.SZ,301168,
301169,零点有数,301169.SZ,301169,
301170,锡南科技,301170.SZ,301170,
301171,易点天下,301171.SZ,301171,
301172,君逸数码,301172.SZ,301172,
301173,毓恬冠佳,301173.SZ,301173,
301175,中科环保,301175.SZ,301175,
301176,逸豪新材,301176.SZ,301176,
301177,迪阿股份,301177.SZ,301177,
301178,天亿马,301178.SZ,301178,
301179,泽宇智能,301179.SZ,301179,
301180,万祥科技,301180.SZ,301180,
301181,标榜股份,301181.SZ,301181,
301182,凯旺科技,301182.SZ,301182,
301183,东田微,301183.SZ,301183,
301185,鸥玛软件,301185.SZ,301185,
301186,超达装备,301186.SZ,301186,
301187,欧圣电气,301187.SZ,301187,
301188,力诺药包,301188.SZ,301188,
301189,奥尼电子,301189.SZ,301189,
301190,善水科技,301190.SZ,301190,
301191,菲菱科思,301191.SZ,301191,
301192,泰祥股份,301192.SZ,301192,
301193,家联科技,301193.SZ,301193,
301195,北路智控,301195.SZ,301195,
301196,唯科科技,301196.SZ,301196,
301197,工大科雅,301197.SZ,301197,
301198,喜悦智行,301198.SZ,301198,
301199,迈赫股份,301199.SZ,301199,
301200,大族数控,301200.SZ,301200,
301201,诚达药业,301201.SZ,301201,
301202,朗威股份,301202.SZ,301202,
301203,国泰环保,301203.SZ,301203,
301205,联特科技,301205.SZ,301205,
301206,三元生物,301206.SZ,301206,
301207,华兰疫苗,301207.SZ,301207,
301208,中亦科技,301208.SZ,301208,
301209,联合化学,301209.SZ,301209,
301210,金杨精密,301210.SZ,301210,
301211,亨迪药业,301211.SZ,301211,
301212,联盛化学,301212.SZ,301212,
301213,观想科技,301213.SZ,301213,
301215,中汽股份,301215.SZ,301215,
301216,万凯新材,301216.SZ,301216,
301217,铜冠铜箔,301217.SZ,301217,
301218,华是科技,301218.SZ,301218,
301219,腾远钴业,301219.SZ,301219,
301220,亚香股份,301220.SZ,301220,
301221,光庭信息,301221.SZ,301221,
301222,浙江恒威,301222.SZ,301222,
301223,中荣股份,301223.SZ,301223,
301225,恒勃股份,301225.SZ,301225,
301226,祥明智能,301226.SZ,301226,
301227,森鹰窗业,301227.SZ,301227,
301228,实朴检测,301228.SZ,301228,
301229,纽泰格,301229.SZ,301229,
301230,泓博医药,301230.SZ,301230,
301231,荣信文化,301231.SZ,301231,
301232,飞沃科技,301232.SZ,301232,
301233,盛帮股份,301233.SZ,301233,
301234,五洲医疗,301234.SZ,301234,
301235,华康洁净,301235.SZ,301235,
301236,软通动力,301236.SZ,301236,
301237,和顺科技,301237.SZ,301237,
301238,瑞泰新材,301238.SZ,301238,
301239,普瑞眼科,301239.SZ,301239,
301246,宏源药业,301246.SZ,301246,
301248,杰创智能,301248.SZ,301248,
301251,威尔高,301251.SZ,301251,
301252,同星科技,301252.SZ,301252,
301255,通力科技,301255.SZ,301255,
301256,华融化学,301256.SZ,301256,
301257,普蕊斯,301257.SZ,301257,
301258,富士莱,301258.SZ,301258,
301259,艾布鲁,301259.SZ,301259,
301260,格力博,301260.SZ,301260,
301261,恒工精密,301261.SZ,301261,
301262,海看股份,301262.SZ,301262,
301263,泰恩康,301263.SZ,301263,
301265,华新科技,301265.SZ,301265,
301266,宇邦新材,301266.SZ,301266,
301267,华厦眼科,301267.SZ,301267,
301268,铭利达,301268.SZ,301268,
301269,华大九天,301269.SZ,301269,
301270,汉仪股份,301270.SZ,301270,
301272,英华特,301272.SZ,301272,
301273,瑞晨环保,301273.SZ,301273,
301275,汉朔科技,301275.SZ,301275,
301276,嘉曼服饰,301276.SZ,301276,
301277,新天地,301277.SZ,301277,
301278,快可电子,301278.SZ,301278,
301279,金道科技,301279.SZ,301279,
301280,珠城科技,301280.SZ,301280,
301281,科源制药,301281.SZ,301281,
301282,金禄电子,301282.SZ,301282,
301283,聚胶股份,301283.SZ,301283,
301285,鸿日达,301285.SZ,301285,
301286,侨源股份,301286.SZ,301286,
301287,康力源,301287.SZ,301287,
301288,*ST清研,301288.SZ,301288,
301289,国缆检测,301289.SZ,301289,
301290,东星医疗,301290.SZ,301290,
301291,明阳电气,301291.SZ,301291,
301292,海科新源,301292.SZ,301292,
301293,三博脑科,301293.SZ,301293,
301295,美硕科技,301295.SZ,301295,
301296,新巨丰,301296.SZ,301296,
301297,富乐德,301297.SZ,301297,
301298,东利机械,301298.SZ,301298,
301299,卓创资讯,301299.SZ,301299,
301300,远翔新材,301300.SZ,301300,
301301,川宁生物,301301.SZ,301301,
301302,华如科技,301302.SZ,301302,
301303,真兰仪表,301303.SZ,301303,
301305,朗坤科技,301305.SZ,301305,
301306,西测测试,301306.SZ,301306,
301307,美利信,301307.SZ,301307,
301308,江波龙,301308.SZ,301308,
301309,万得凯,301309.SZ,301309,
301310,鑫宏业,301310.SZ,301310,
301311,昆船智能,301311.SZ,301311,
301312,智立方,301312.SZ,301312,
301313,凡拓数创,301313.SZ,301313,
301314,科瑞思,301314.SZ,301314,
301315,威士顿,301315.SZ,301315,
301316,慧博云通,301316.SZ,301316,
301317,鑫磊股份,301317.SZ,301317,
301318,维海德,301318.SZ,301318,
301319,唯特偶,301319.SZ,301319,
301320,豪江智能,301320.SZ,301320,
301321,翰博高新,301321.SZ,301321,
301322,绿通科技,301322.SZ,301322,
301323,新莱福,301323.SZ,301323,
301325,曼恩斯特,301325.SZ,301325,
301326,捷邦科技,301326.SZ,301326,
301327,华宝新能,301327.SZ,301327,
301328,维峰电子,301328.SZ,301328,
301329,信音电子,301329.SZ,301329,
301330,熵基科技,301330.SZ,301330,
301331,恩威医药,301331.SZ,301331,
301332,德尔玛,301332.SZ,301332,
301333,诺思格,301333.SZ,301333,
301335,天元宠物,301335.SZ,301335,
301336,趣睡科技,301336.SZ,301336,
301337,亚华电子,301337.SZ,301337,
301338,凯格精机,301338.SZ,301338,
301339,通行宝,301339.SZ,301339,
301345,涛涛车业,301345.SZ,301345,
301348,蓝箭电子,301348.SZ,301348,
301349,信德新材,301349.SZ,301349,
301353,普莱得,301353.SZ,301353,
301355,南王科技,301355.SZ,301355,
301356,天振股份,301356.SZ,301356,
301357,北方长龙,301357.SZ,301357,
301358,湖南裕能,301358.SZ,301358,
301359,东南电子,301359.SZ,301359,
301360,荣旗科技,301360.SZ,301360,
301361,众智科技,301361.SZ,301361,
301362,民爆光电,301362.SZ,301362,
301363,美好医疗,301363.SZ,301363,
301365,矩阵股份,301365.SZ,301365,
301366,一博科技,301366.SZ,301366,
301367,瑞迈特,301367.SZ,301367,
301368,丰立智能,301368.SZ,301368,
301369,联动科技,301369.SZ,301369,
301370,国科恒泰,301370.SZ,301370,
301371,敷尔佳,301371.SZ,301371,
301372,科净源,301372.SZ,301372,
301373,凌玮科技,301373.SZ,301373,
301376,致欧科技,301376.SZ,301376,
301377,鼎泰高科,301377.SZ,301377,
301378,通达海,301378.SZ,301378,
301379,天山电子,301379.SZ,301379,
301380,挖金客,301380.SZ,301380,
301381,赛维时代,301381.SZ,301381,
301382,蜂助手,301382.SZ,301382,
301383,天键股份,301383.SZ,301383,
301386,未来电器,301386.SZ,301386,
301387,光大同创,301387.SZ,301387,
301388,欣灵电气,301388.SZ,301388,
301389,隆扬电子,301389.SZ,301389,
301390,经纬股份,301390.SZ,301390,
301391,卡莱特,301391.SZ,301391,
301392,汇成真空,301392.SZ,301392,
301393,昊帆生物,301393.SZ,301393,
301395,仁信新材,301395.SZ,301395,
301396,宏景科技,301396.SZ,301396,
301397,溯联股份,301397.SZ,301397,
301398,星源卓镁,301398.SZ,301398,
301399,英特科技,301399.SZ,301399,
301408,华人健康,301408.SZ,301408,
301413,安培龙,301413.SZ,301413,
301418,协昌科技,301418.SZ,301418,
301419,阿莱德,301419.SZ,301419,
301421,波长光电,301421.SZ,301421,
301428,世纪恒通,301428.SZ,301428,
301429,森泰股份,301429.SZ,301429,
301439,泓淋电力,301439.SZ,301439,
301446,福事特,301446.SZ,301446,
301448,开创电气,301448.SZ,301448,
301449,天溯计量,301449.SZ,301449,
301456,盘古智能,301456.SZ,301456,
301458,钧崴电子,301458.SZ,301458,
301459,丰茂股份,301459.SZ,301459,
301468,博盈特焊,301468.SZ,301468,
301469,恒达新材,301469.SZ,301469,
301479,弘景光电,301479.SZ,301479,
301486,致尚科技,301486.SZ,301486,
301487,盟固利,301487.SZ,301487,
301488,豪恩汽电,301488.SZ,301488,
301489,思泉新材,301489.SZ,301489,
301491,汉桑科技,301491.SZ,301491,
301498,乖宝宠物,301498.SZ,301498,
301499,维科精密,301499.SZ,301499,
301500,飞南资源,301500.SZ,301500,
301501,恒鑫生活,301501.SZ,301501,
301502,华阳智能,301502.SZ,301502,
301503,智迪科技,301503.SZ,301503,
301505,苏州规划,301505.SZ,301505,
301507,民生健康,301507.SZ,301507,
301508,中机认检,301508.SZ,301508,
301509,金凯生科,301509.SZ,301509,
301510,固高科技,301510.SZ,301510,
301511,德福科技,301511.SZ,301511,
301512,智信精密,301512.SZ,301512,
301513,N尚水智能,301513.SZ,301513,
301515,港通医疗,301515.SZ,301515,
301516,中远通,301516.SZ,301516,
301517,陕西华达,301517.SZ,301517,
301518,长华化学,301518.SZ,301518,
301519,舜禹股份,301519.SZ,301519,
301520,万邦医药,301520.SZ,301520,
301522,上大股份,301522.SZ,301522,
301525,儒竞科技,301525.SZ,301525,
301526,国际复材,301526.SZ,301526,
301528,多浦乐,301528.SZ,301528,
301529,福赛科技,301529.SZ,301529,
301533,威马农机,301533.SZ,301533,
301535,浙江华远,301535.SZ,301535,
301536,星宸科技,301536.SZ,301536,
301538,骏鼎达,301538.SZ,301538,
301539,宏鑫科技,301539.SZ,301539,
301548,崇德科技,301548.SZ,301548,
301550,斯菱智驱,301550.SZ,301550,
301551,无线传媒,301551.SZ,301551,
301552,科力装备,301552.SZ,301552,
301555,惠柏新材,301555.SZ,301555,
301556,托普云农,301556.SZ,301556,
301557,常友科技,301557.SZ,301557,
301558,三态股份,301558.SZ,301558,
301559,中集环科,301559.SZ,301559,
301560,众捷汽车,301560.SZ,301560,
301563,云汉芯城,301563.SZ,301563,
301565,中仑新材,301565.SZ,301565,
301566,达利凯普,301566.SZ,301566,
301567,贝隆精密,301567.SZ,301567,
301568,思泰克,301568.SZ,301568,
301571,国科天成,301571.SZ,301571,
301575,艾芬达,301575.SZ,301575,
301577,美信科技,301577.SZ,301577,
301578,辰奕智能,301578.SZ,301578,
301580,爱迪特,301580.SZ,301580,
301581,黄山谷捷,301581.SZ,301581,
301584,建发致新,301584.SZ,301584,
301585,蓝宇股份,301585.SZ,301585,
301586,佳力奇,301586.SZ,301586,
301587,中瑞股份,301587.SZ,301587,
301588,美新科技,301588.SZ,301588,
301589,诺瓦星云,301589.SZ,301589,
301590,优优绿能,301590.SZ,301590,
301591,肯特股份,301591.SZ,301591,
301592,六九一二,301592.SZ,301592,
301595,太力科技,301595.SZ,301595,
301596,瑞迪智驱,301596.SZ,301596,
301598,博科测试,301598.SZ,301598,
301600,慧翰股份,301600.SZ,301600,
301601,惠通科技,301601.SZ,301601,
301602,超研股份,301602.SZ,301602,
301603,乔锋智能,301603.SZ,301603,
301606,绿联科技,301606.SZ,301606,
301607,富特科技,301607.SZ,301607,
301608,博实结,301608.SZ,301608,
301609,山大电力,301609.SZ,301609,
301611,珂玛科技,301611.SZ,301611,
301613,新铝时代,301613.SZ,301613,
301616,浙江华业,301616.SZ,301616,
301617,博苑股份,301617.SZ,301617,
301618,长联科技,301618.SZ,301618,
301622,英思特,301622.SZ,301622,
301626,苏州天脉,301626.SZ,301626,
301628,强达电路,301628.SZ,301628,
301629,矽电股份,301629.SZ,301629,
301630,同宇新材,301630.SZ,301630,
301631,壹连科技,301631.SZ,301631,
301632,广东建科,301632.SZ,301632,
301633,港迪技术,301633.SZ,301633,
301636,泽润新能,301636.SZ,301636,
301638,南网数字,301638.SZ,301638,
301656,联合动力,301656.SZ,301656,
301658,首航新能,301658.SZ,301658,
301662,宏工科技,301662.SZ,301662,
301665,泰禾股份,301665.SZ,301665,
301666,C大普微,301666.SZ,301666,
301667,纳百川,301667.SZ,301667,
301668,昊创瑞通,301668.SZ,301668,
301678,新恒汇,301678.SZ,301678,
301680,固德电材,301680.SZ,301680,
301682,宏明电子,301682.SZ,301682,
301683,慧谷新材,301683.SZ,301683,
301687,新广益,301687.SZ,301687,
301696,三瑞智能,301696.SZ,301696,
302132,中航成飞,302132.SZ,302132,
600000,浦发银行,600000.SH,600000,
600004,白云机场,600004.SH,600004,
600006,东风股份,600006.SH,600006,
600007,中国国贸,600007.SH,600007,
600008,首创环保,600008.SH,600008,
600009,上海机场,600009.SH,600009,
600010,包钢股份,600010.SH,600010,
600011,华能国际,600011.SH,600011,
600012,皖通高速,600012.SH,600012,
600015,华夏银行,600015.SH,600015,
600016,民生银行,600016.SH,600016,
600017,日照港,600017.SH,600017,
600018,上港集团,600018.SH,600018,
600019,宝钢股份,600019.SH,600019,
600020,中原高速,600020.SH,600020,
600021,上海电力,600021.SH,600021,
600022,山东钢铁,600022.SH,600022,
600023,浙能电力,600023.SH,600023,
600025,华能水电,600025.SH,600025,
600026,中远海能,600026.SH,600026,
600027,华电国际,600027.SH,600027,
600028,中国石化,600028.SH,600028,
600029,南方航空,600029.SH,600029,
600030,中信证券,600030.SH,600030,
600031,三一重工,600031.SH,600031,
600032,浙江新能,600032.SH,600032,
600033,福建高速,600033.SH,600033,
600035,楚天高速,600035.SH,600035,
600036,招商银行,600036.SH,600036,
600037,歌华有线,600037.SH,600037,
600038,中直股份,600038.SH,600038,
600039,四川路桥,600039.SH,600039,
600048,保利发展,600048.SH,600048,
600050,中国联通,600050.SH,600050,
600051,宁波联合,600051.SH,600051,
600052,东望时代,600052.SH,600052,
600053,九鼎投资,600053.SH,600053,
600054,黄山旅游,600054.SH,600054,
600055,万东医疗,600055.SH,600055,
600056,中国医药,600056.SH,600056,
600057,厦门象屿,600057.SH,600057,
600058,五矿发展,600058.SH,600058,
600059,古越龙山,600059.SH,600059,
600060,海信视像,600060.SH,600060,
600061,国投资本,600061.SH,600061,
600062,华润双鹤,600062.SH,600062,
600063,皖维高新,600063.SH,600063,
600064,南京高科,600064.SH,600064,
600066,宇通客车,600066.SH,600066,
600067,冠城新材,600067.SH,600067,
600071,凤凰光学,600071.SH,600071,
600072,中船科技,600072.SH,600072,
600073,光明肉业,600073.SH,600073,
600075,新疆天业,600075.SH,600075,
600076,康欣新材,600076.SH,600076,
600078,澄星股份,600078.SH,600078,
600079,ST人福,600079.SH,600079,
600080,金花股份,600080.SH,600080,
600081,东风科技,600081.SH,600081,
600082,ST海泰,600082.SH,600082,
600084,中信尼雅,600084.SH,600084,
600085,同仁堂,600085.SH,600085,
600088,中视传媒,600088.SH,600088,
600089,特变电工,600089.SH,600089,
600094,大名城,600094.SH,600094,
600095,湘财股份,600095.SH,600095,
600096,云天化,600096.SH,600096,
600097,开创国际,600097.SH,600097,
600098,广州发展,600098.SH,600098,
600099,林海股份,600099.SH,600099,
600100,同方股份,600100.SH,600100,
600101,明星电力,600101.SH,600101,
600103,青山纸业,600103.SH,600103,
600104,上汽集团,600104.SH,600104,
600105,永鼎股份,600105.SH,600105,
600106,重庆路桥,600106.SH,600106,
600107,ST尔雅,600107.SH,600107,
600108,亚盛集团,600108.SH,600108,
600109,国金证券,600109.SH,600109,
600110,诺德股份,600110.SH,600110,
600111,北方稀土,600111.SH,600111,
600113,XD浙江东,600113.SH,600113,
600114,东睦股份,600114.SH,600114,
600115,中国东航,600115.SH,600115,
600116,三峡水利,600116.SH,600116,
600117,西宁特钢,600117.SH,600117,
600118,中国卫星,600118.SH,600118,
600119,长江投资,600119.SH,600119,
600120,浙江东方,600120.SH,600120,
600121,郑州煤电,600121.SH,600121,
600123,兰花科创,600123.SH,600123,
600125,铁龙物流,600125.SH,600125,
600126,杭钢股份,600126.SH,600126,
600127,金健米业,600127.SH,600127,
600128,苏豪弘业,600128.SH,600128,
600129,太极集团,600129.SH,600129,
600130,*ST波导,600130.SH,600130,
600131,国网信通,600131.SH,600131,
600132,重庆啤酒,600132.SH,600132,
600133,东湖高新,600133.SH,600133,
600135,乐凯胶片,600135.SH,600135,
600136,ST明诚,600136.SH,600136,
600137,浪莎股份,600137.SH,600137,
600138,中青旅,600138.SH,600138,
600141,兴发集团,600141.SH,600141,
600143,金发科技,600143.SH,600143,
600148,长春一东,600148.SH,600148,
600149,廊坊发展,600149.SH,600149,
600150,中国船舶,600150.SH,600150,
600151,航天机电,600151.SH,600151,
600152,维科技术,600152.SH,600152,
600153,建发股份,600153.SH,600153,
600155,华创云信,600155.SH,600155,
600156,华升股份,600156.SH,600156,
600157,永泰能源,600157.SH,600157,
600158,中体产业,600158.SH,600158,
600159,大龙地产,600159.SH,600159,
600160,巨化股份,600160.SH,600160,
600161,天坛生物,600161.SH,600161,
600162,香江控股,600162.SH,600162,
600163,中闽能源,600163.SH,600163,
600165,ST宁科,600165.SH,600165,
600166,福田汽车,600166.SH,600166,
600167,联美控股,600167.SH,600167,
600168,武汉控股,600168.SH,600168,
600169,ST太重,600169.SH,600169,
600170,上海建工,600170.SH,600170,
600171,上海贝岭,600171.SH,600171,
600172,黄河旋风,600172.SH,600172,
600173,卧龙新能,600173.SH,600173,
600176,中国巨石,600176.SH,600176,
600177,雅戈尔,600177.SH,600177,
600178,东安动力,600178.SH,600178,
600179,安通控股,600179.SH,600179,
600180,瑞茂通,600180.SH,600180,
600182,S佳通,600182.SH,600182,
600183,生益科技,600183.SH,600183,
600184,光电股份,600184.SH,600184,
600185,珠免集团,600185.SH,600185,
600186,莲花控股,600186.SH,600186,
600187,国中水务,600187.SH,600187,
600188,兖矿能源,600188.SH,600188,
600189,泉阳泉,600189.SH,600189,
600191,华资实业,600191.SH,600191,
600192,长城电工,600192.SH,600192,
600193,*ST创兴,600193.SH,600193,
600195,中牧股份,600195.SH,600195,
600196,复星医药,600196.SH,600196,
600197,伊力特,600197.SH,600197,
600198,大唐电信,600198.SH,600198,
600199,金种子酒,600199.SH,600199,
600201,生物股份,600201.SH,600201,
600202,哈空调,600202.SH,600202,
600203,福日电子,600203.SH,600203,
600206,有研新材,600206.SH,600206,
600207,安彩高科,600207.SH,600207,
600208,衢州发展,600208.SH,600208,
600210,紫江企业,600210.SH,600210,
600211,西藏药业,600211.SH,600211,
600212,绿能慧充,600212.SH,600212,
600215,派斯林,600215.SH,600215,
600216,浙江医药,600216.SH,600216,
600217,中再资环,600217.SH,600217,
600218,全柴动力,600218.SH,600218,
600219,南山铝业,600219.SH,600219,
600221,海航控股,600221.SH,600221,
600222,太龙药业,600222.SH,600222,
600223,福瑞达,600223.SH,600223,
600226,亨通股份,600226.SH,600226,
600227,赤天化,600227.SH,600227,
600228,*ST返利,600228.SH,600228,
600229,城市传媒,600229.SH,600229,
600230,沧州大化,600230.SH,600230,
600231,凌钢股份,600231.SH,600231,
600232,金鹰股份,600232.SH,600232,
600233,圆通速递,600233.SH,600233,
600234,科新发展,600234.SH,600234,
600235,民丰特纸,600235.SH,600235,
600236,桂冠电力,600236.SH,600236,
600237,铜峰电子,600237.SH,600237,
600238,*ST椰岛,600238.SH,600238,
600239,云南城投,600239.SH,600239,
600241,时代万恒,600241.SH,600241,
600243,*ST海华,600243.SH,600243,
600246,万通发展,600246.SH,600246,
600248,陕建股份,600248.SH,600248,
600249,两面针,600249.SH,600249,
600250,南京商旅,600250.SH,600250,
600251,冠农股份,600251.SH,600251,
600252,中恒集团,600252.SH,600252,
600255,鑫科材料,600255.SH,600255,
600256,广汇能源,600256.SH,600256,
600257,大湖股份,600257.SH,600257,
600258,首旅酒店,600258.SH,600258,
600259,中稀有色,600259.SH,600259,
600261,阳光照明,600261.SH,600261,
600262,北方股份,600262.SH,600262,
600265,ST景谷,600265.SH,600265,
600266,城建发展,600266.SH,600266,
600267,海正药业,600267.SH,600267,
600268,国电南自,600268.SH,600268,
600269,赣粤高速,600269.SH,600269,
600271,航天信息,600271.SH,600271,
600272,开开实业,600272.SH,600272,
600273,嘉化能源,600273.SH,600273,
600276,恒瑞医药,600276.SH,600276,
600278,东方创业,600278.SH,600278,
600279,重庆港,600279.SH,600279,
600280,中央商场,600280.SH,600280,
600281,华阳新材,600281.SH,600281,
600282,南钢股份,600282.SH,600282,
600283,钱江水利,600283.SH,600283,
600284,浦东建设,600284.SH,600284,
600285,羚锐制药,600285.SH,600285,
600287,苏豪时尚,600287.SH,600287,
600288,大恒科技,600288.SH,600288,
600289,ST信通,600289.SH,600289,
600292,电投水电,600292.SH,600292,
600293,三峡新材,600293.SH,600293,
600295,鄂尔多斯,600295.SH,600295,
600298,安琪酵母,600298.SH,600298,
600299,安迪苏,600299.SH,600299,
600300,维维股份,600300.SH,600300,
600301,华锡有色,600301.SH,600301,
600302,标准股份,600302.SH,600302,
600303,曙光股份,600303.SH,600303,
600305,恒顺醋业,600305.SH,600305,
600307,酒钢宏兴,600307.SH,600307,
600308,华泰股份,600308.SH,600308,
600309,万华化学,600309.SH,600309,
600310,广西能源,600310.SH,600310,
600312,平高电气,600312.SH,600312,
600313,农发种业,600313.SH,600313,
600315,上海家化,600315.SH,600315,
600316,洪都航空,600316.SH,600316,
600318,新力金融,600318.SH,600318,
600319,亚星化学,600319.SH,600319,
600320,振华重工,600320.SH,600320,
600322,津投城开,600322.SH,600322,
600323,瀚蓝环境,600323.SH,600323,
600325,华发股份,600325.SH,600325,
600326,西藏天路,600326.SH,600326,
600327,大东方,600327.SH,600327,
600328,中盐化工,600328.SH,600328,
600329,达仁堂,600329.SH,600329,
600330,天通股份,600330.SH,600330,
600331,宏达股份,600331.SH,600331,
600332,白云山,600332.SH,600332,
600333,长春燃气,600333.SH,600333,
600335,国机汽车,600335.SH,600335,
600336,澳柯玛,600336.SH,600336,
600337,美克家居,600337.SH,600337,
600338,西藏珠峰,600338.SH,600338,
600339,中油工程,600339.SH,600339,
600340,华夏幸福,600340.SH,600340,
600343,航天动力,600343.SH,600343,
600345,长江通信,600345.SH,600345,
600346,恒力石化,600346.SH,600346,
600348,华阳股份,600348.SH,600348,
600350,山东高速,600350.SH,600350,
600351,亚宝药业,600351.SH,600351,
600352,浙江龙盛,600352.SH,600352,
600353,旭光电子,600353.SH,600353,
600354,敦煌种业,600354.SH,600354,
600355,*ST精伦,600355.SH,600355,
600356,恒丰纸业,600356.SH,600356,
600358,ST联合,600358.SH,600358,
600359,新农开发,600359.SH,600359,
600360,*ST华微,600360.SH,600360,
600361,创新新材,600361.SH,600361,
600362,江西铜业,600362.SH,600362,
600363,联创光电,600363.SH,600363,
600365,ST通葡,600365.SH,600365,
600366,宁波韵升,600366.SH,600366,
600367,红星发展,600367.SH,600367,
600368,五洲交通,600368.SH,600368,
600369,西南证券,600369.SH,600369,
600370,三房巷,600370.SH,600370,
600371,万向德农,600371.SH,600371,
600372,中航机载,600372.SH,600372,
600373,中文传媒,600373.SH,600373,
600375,汉马科技,600375.SH,600375,
600376,首开股份,600376.SH,600376,
600377,宁沪高速,600377.SH,600377,
600378,昊华科技,600378.SH,600378,
600379,宝光股份,600379.SH,600379,
600380,健康元,600380.SH,600380,
600381,*ST春天,600381.SH,600381,
600382,广东明珠,600382.SH,600382,
600383,金地集团,600383.SH,600383,
600386,北巴传媒,600386.SH,600386,
600388,龙净环保,600388.SH,600388,
600389,江山股份,600389.SH,600389,
600390,五矿资本,600390.SH,600390,
600391,航发科技,600391.SH,600391,
600392,盛和资源,600392.SH,600392,
600395,盘江股份,600395.SH,600395,
600396,华电辽能,600396.SH,600396,
600397,江钨装备,600397.SH,600397,
600398,海澜之家,600398.SH,600398,
600399,抚顺特钢,600399.SH,600399,
600400,红豆股份,600400.SH,600400,
600403,大有能源,600403.SH,600403,
600405,动力源,600405.SH,600405,
600406,国电南瑞,600406.SH,600406,
600408,安泰集团,600408.SH,600408,
600409,三友化工,600409.SH,600409,
600410,华胜天成,600410.SH,600410,
600415,小商品城,600415.SH,600415,
600416,湘电股份,600416.SH,600416,
600418,江淮汽车,600418.SH,600418,
600419,天润乳业,600419.SH,600419,
600420,国药现代,600420.SH,600420,
600421,*ST华嵘,600421.SH,600421,
600422,昆药集团,600422.SH,600422,
600423,柳化股份,600423.SH,600423,
600425,青松建化,600425.SH,600425,
600426,华鲁恒升,600426.SH,600426,
600428,中远海特,600428.SH,600428,
600429,三元股份,600429.SH,600429,
600433,冠豪高新,600433.SH,600433,
600435,北方导航,600435.SH,600435,
600436,片仔癀,600436.SH,600436,
600438,通威股份,600438.SH,600438,
600439,瑞贝卡,600439.SH,600439,
600444,国机通用,600444.SH,600444,
600446,金证股份,600446.SH,600446,
600448,华纺股份,600448.SH,600448,
600449,宁夏建材,600449.SH,600449,
600452,涪陵电力,600452.SH,600452,
600455,博通股份,600455.SH,600455,
600456,宝钛股份,600456.SH,600456,
600458,时代新材,600458.SH,600458,
600459,贵研铂业,600459.SH,600459,
600460,士兰微,600460.SH,600460,
600461,洪城环境,600461.SH,600461,
600463,空港股份,600463.SH,600463,
600467,好当家,600467.SH,600467,
600468,百利电气,600468.SH,600468,
600469,风神股份,600469.SH,600469,
600470,六国化工,600470.SH,600470,
600475,华光环能,600475.SH,600475,
600476,湘邮科技,600476.SH,600476,
600477,杭萧钢构,600477.SH,600477,
600478,科力远,600478.SH,600478,
600479,千金药业,600479.SH,600479,
600480,凌云股份,600480.SH,600480,
600481,双良节能,600481.SH,600481,
600482,中国动力,600482.SH,600482,
600483,福能股份,600483.SH,600483,
600486,扬农化工,600486.SH,600486,
600487,亨通光电,600487.SH,600487,
600488,津药药业,600488.SH,600488,
600489,中金黄金,600489.SH,600489,
600490,鹏欣资源,600490.SH,600490,
600491,龙元建设,600491.SH,600491,
600493,凤竹纺织,600493.SH,600493,
600495,晋西车轴,600495.SH,600495,
600496,精工钢构,600496.SH,600496,
600497,驰宏锌锗,600497.SH,600497,
600498,烽火通信,600498.SH,600498,
600499,科达制造,600499.SH,600499,
600500,中化国际,600500.SH,600500,
600501,航天晨光,600501.SH,600501,
600502,安徽建工,600502.SH,600502,
600503,华丽家族,600503.SH,600503,
600505,西昌电力,600505.SH,600505,
600506,统一股份,600506.SH,600506,
600507,方大特钢,600507.SH,600507,
600508,上海能源,600508.SH,600508,
600509,天富能源,600509.SH,600509,
600510,黑牡丹,600510.SH,600510,
600511,国药股份,600511.SH,600511,
600512,腾达建设,600512.SH,600512,
600513,联环药业,600513.SH,600513,
600515,海南机场,600515.SH,600515,
600516,方大炭素,600516.SH,600516,
600517,国网英大,600517.SH,600517,
600518,康美药业,600518.SH,600518,
600519,贵州茅台,600519.SH,600519,
600520,三佳科技,600520.SH,600520,
600521,华海药业,600521.SH,600521,
600522,中天科技,600522.SH,600522,
600523,贵航股份,600523.SH,600523,
600525,ST长园,600525.SH,600525,
600526,菲达环保,600526.SH,600526,
600527,江南高纤,600527.SH,600527,
600528,中铁工业,600528.SH,600528,
600529,山东药玻,600529.SH,600529,
600530,交大昂立,600530.SH,600530,
600531,豫光金铅,600531.SH,600531,
600533,栖霞建设,600533.SH,600533,
600535,天士力,600535.SH,600535,
600536,中国软件,600536.SH,600536,
600537,亿晶光电,600537.SH,600537,
600538,国发股份,600538.SH,600538,
600539,狮头股份,600539.SH,600539,
600540,新赛股份,600540.SH,600540,
600543,莫高股份,600543.SH,600543,
600545,卓郎智能,600545.SH,600545,
600546,山煤国际,600546.SH,600546,
600547,山东黄金,600547.SH,600547,
600548,深高速,600548.SH,600548,
600549,厦门钨业,600549.SH,600549,
600550,保变电气,600550.SH,600550,
600551,时代出版,600551.SH,600551,
600552,凯盛科技,600552.SH,600552,
600556,天下秀,600556.SH,600556,
600557,康缘药业,600557.SH,600557,
600558,大西洋,600558.SH,600558,
600559,老白干酒,600559.SH,600559,
600560,金自天正,600560.SH,600560,
600561,江西长运,600561.SH,600561,
600562,国睿科技,600562.SH,600562,
600563,法拉电子,600563.SH,600563,
600566,济川药业,600566.SH,600566,
600567,山鹰国际,600567.SH,600567,
600568,ST中珠,600568.SH,600568,
600569,安阳钢铁,600569.SH,600569,
600570,恒生电子,600570.SH,600570,
600571,信雅达,600571.SH,600571,
600572,康恩贝,600572.SH,600572,
600573,惠泉啤酒,600573.SH,600573,
600575,淮河能源,600575.SH,600575,
600576,祥源文旅,600576.SH,600576,
600577,精达股份,600577.SH,600577,
600578,京能电力,600578.SH,600578,
600579,中化装备,600579.SH,600579,
600580,卧龙电驱,600580.SH,600580,
600581,*ST八钢,600581.SH,600581,
600582,天地科技,600582.SH,600582,
600583,海油工程,600583.SH,600583,
600584,长电科技,600584.SH,600584,
600585,海螺水泥,600585.SH,600585,
600586,金晶科技,600586.SH,600586,
600587,新华医疗,600587.SH,600587,
600588,用友网络,600588.SH,600588,
600589,大位科技,600589.SH,600589,
600590,泰豪科技,600590.SH,600590,
600592,龙溪股份,600592.SH,600592,
600593,大连圣亚,600593.SH,600593,
600594,益佰制药,600594.SH,600594,
600595,中孚实业,600595.SH,600595,
600596,新安股份,600596.SH,600596,
600597,光明乳业,600597.SH,600597,
600598,北大荒,600598.SH,600598,
600599,*ST熊猫,600599.SH,600599,
600600,青岛啤酒,600600.SH,600600,
600601,方正科技,600601.SH,600601,
600602,云赛智联,600602.SH,600602,
600603,广汇物流,600603.SH,600603,
600604,市北高新,600604.SH,600604,
600605,汇通能源,600605.SH,600605,
600606,绿地控股,600606.SH,600606,
600608,*ST沪科,600608.SH,600608,
600609,金杯汽车,600609.SH,600609,
600610,中毅达,600610.SH,600610,
600611,大众交通,600611.SH,600611,
600612,老凤祥,600612.SH,600612,
600613,神奇制药,600613.SH,600613,
600615,鑫源智造,600615.SH,600615,
600616,金枫酒业,600616.SH,600616,
600617,国新能源,600617.SH,600617,
600618,氯碱化工,600618.SH,600618,
600619,海立股份,600619.SH,600619,
600620,天宸股份,600620.SH,600620,
600621,华鑫股份,600621.SH,600621,
600622,光大嘉宝,600622.SH,600622,
600623,华谊集团,600623.SH,600623,
600624,ST复华,600624.SH,600624,
600626,申达股份,600626.SH,600626,
600628,新世界,600628.SH,600628,
600629,华建集团,600629.SH,600629,
600630,龙头股份,600630.SH,600630,
600633,浙数文化,600633.SH,600633,
600635,大众公用,600635.SH,600635,
600636,*ST国化,600636.SH,600636,
600637,东方明珠,600637.SH,600637,
600638,新黄浦,600638.SH,600638,
600639,浦东金桥,600639.SH,600639,
600640,国脉文化,600640.SH,600640,
600641,先导基电,600641.SH,600641,
600642,申能股份,600642.SH,600642,
600643,爱建集团,600643.SH,600643,
600644,乐山电力,600644.SH,600644,
600645,中源协和,600645.SH,600645,
600648,外高桥,600648.SH,600648,
600649,城投控股,600649.SH,600649,
600650,锦江在线,600650.SH,600650,
600651,飞乐音响,600651.SH,600651,
600653,申华控股,600653.SH,600653,
600654,中安科,600654.SH,600654,
600655,豫园股份,600655.SH,600655,
600657,信达地产,600657.SH,600657,
600658,电子城,600658.SH,600658,
600660,福耀玻璃,600660.SH,600660,
600661,昂立教育,600661.SH,600661,
600662,外服控股,600662.SH,600662,
600663,陆家嘴,600663.SH,600663,
600664,哈药股份,600664.SH,600664,
600665,天地源,600665.SH,600665,
600666,奥瑞德,600666.SH,600666,
600667,太极实业,600667.SH,600667,
600668,尖峰集团,600668.SH,600668,
600671,天目药业,600671.SH,600671,
600673,东阳光,600673.SH,600673,
600674,川投能源,600674.SH,600674,
600675,中华企业,600675.SH,600675,
600676,交运股份,600676.SH,600676,
600678,四川金顶,600678.SH,600678,
600679,上海凤凰,600679.SH,600679,
600681,百川能源,600681.SH,600681,
600682,南京新百,600682.SH,600682,
600683,京投发展,600683.SH,600683,
600684,珠江股份,600684.SH,600684,
600685,中船防务,600685.SH,600685,
600686,金龙汽车,600686.SH,600686,
600688,上海石化,600688.SH,600688,
600689,上海三毛,600689.SH,600689,
600690,海尔智家,600690.SH,600690,
600691,潞化科技,600691.SH,600691,
600692,亚通股份,600692.SH,600692,
600693,东百集团,600693.SH,600693,
600694,大商股份,600694.SH,600694,
600696,*ST岩石,600696.SH,600696,
600697,欧亚集团,600697.SH,600697,
600698,湖南天雁,600698.SH,600698,
600699,均胜电子,600699.SH,600699,
600702,舍得酒业,600702.SH,600702,
600703,三安光电,600703.SH,600703,
600704,物产中大,600704.SH,600704,
600706,曲江文旅,600706.SH,600706,
600707,彩虹股份,600707.SH,600707,
600708,光明地产,600708.SH,600708,
600710,苏美达,600710.SH,600710,
600711,盛屯矿业,600711.SH,600711,
600712,南宁百货,600712.SH,600712,
600713,南京医药,600713.SH,600713,
600714,金瑞矿业,600714.SH,600714,
600715,文投控股,600715.SH,600715,
600716,凤凰股份,600716.SH,600716,
600717,天津港,600717.SH,600717,
600718,东软集团,600718.SH,600718,
600719,大连热电,600719.SH,600719,
600720,中交设计,600720.SH,600720,
600721,百花医药,600721.SH,600721,
600722,金牛化工,600722.SH,600722,
600724,宁波富达,600724.SH,600724,
600725,云维股份,600725.SH,600725,
600726,华电能源,600726.SH,600726,
600727,鲁北化工,600727.SH,600727,
600728,佳都科技,600728.SH,600728,
600729,重庆百货,600729.SH,600729,
600730,中国高科,600730.SH,600730,
600731,湖南海利,600731.SH,600731,
600732,爱旭股份,600732.SH,600732,
600733,北汽蓝谷,600733.SH,600733,
600734,实达集团,600734.SH,600734,
600735,ST新华锦,600735.SH,600735,
600736,苏州高新,600736.SH,600736,
600737,中粮糖业,600737.SH,600737,
600738,丽尚国潮,600738.SH,600738,
600739,辽宁成大,600739.SH,600739,
600740,山西焦化,600740.SH,600740,
600741,华域汽车,600741.SH,600741,
600742,富维股份,600742.SH,600742,
600743,华远控股,600743.SH,600743,
600744,华银电力,600744.SH,600744,
600745,闻泰科技,600745.SH,600745,
600746,江苏索普,600746.SH,600746,
600748,上实发展,600748.SH,600748,
600749,西藏旅游,600749.SH,600749,
600750,华润江中,600750.SH,600750,
600751,海航科技,600751.SH,600751,
600753,*ST海钦,600753.SH,600753,
600754,锦江酒店,600754.SH,600754,
600755,厦门国贸,600755.SH,600755,
600756,浪潮软件,600756.SH,600756,
600757,长江传媒,600757.SH,600757,
600758,辽宁能源,600758.SH,600758,
600759,洲际油气,600759.SH,600759,
600760,中航沈飞,600760.SH,600760,
600761,安徽合力,600761.SH,600761,
600763,通策医疗,600763.SH,600763,
600764,中国海防,600764.SH,600764,
600765,中航重机,600765.SH,600765,
600768,宁波富邦,600768.SH,600768,
600769,祥龙电业,600769.SH,600769,
600770,综艺股份,600770.SH,600770,
600771,广誉远,600771.SH,600771,
600773,西藏城投,600773.SH,600773,
600774,汉商集团,600774.SH,600774,
600775,南京熊猫,600775.SH,600775,
600776,东方通信,600776.SH,600776,
600777,*ST新潮,600777.SH,600777,
600778,友好集团,600778.SH,600778,
600779,水井坊,600779.SH,600779,
600780,通宝能源,600780.SH,600780,
600782,新钢股份,600782.SH,600782,
600783,鲁信创投,600783.SH,600783,
600784,鲁银投资,600784.SH,600784,
600785,新华百货,600785.SH,600785,
600787,中储股份,600787.SH,600787,
600789,鲁抗医药,600789.SH,600789,
600790,轻纺城,600790.SH,600790,
600791,京能置业,600791.SH,600791,
600792,云煤能源,600792.SH,600792,
600793,宜宾纸业,600793.SH,600793,
600794,保税科技,600794.SH,600794,
600795,国电电力,600795.SH,600795,
600796,钱江生化,600796.SH,600796,
600797,浙大网新,600797.SH,600797,
600798,宁波海运,600798.SH,600798,
600800,渤海化学,600800.SH,600800,
600801,华新建材,600801.SH,600801,
600802,福建水泥,600802.SH,600802,
600803,新奥股份,600803.SH,600803,
600805,悦达投资,600805.SH,600805,
600807,济高发展,600807.SH,600807,
600808,马钢股份,600808.SH,600808,
600809,山西汾酒,600809.SH,600809,
600810,神马股份,600810.SH,600810,
600812,华北制药,600812.SH,600812,
600814,杭州解百,600814.SH,600814,
600815,厦工股份,600815.SH,600815,
600816,建元信托,600816.SH,600816,
600817,宇通重工,600817.SH,600817,
600818,中路股份,600818.SH,600818,
600819,耀皮玻璃,600819.SH,600819,
600820,隧道股份,600820.SH,600820,
600821,金开新能,600821.SH,600821,
600822,上海物贸,600822.SH,600822,
600824,益民集团,600824.SH,600824,
600825,新华传媒,600825.SH,600825,
600826,兰生股份,600826.SH,600826,
600827,百联股份,600827.SH,600827,
600828,茂业商业,600828.SH,600828,
600829,人民同泰,600829.SH,600829,
600830,香溢融通,600830.SH,600830,
600831,广电网络,600831.SH,600831,
600833,第一医药,600833.SH,600833,
600834,申通地铁,600834.SH,600834,
600835,上海机电,600835.SH,600835,
600838,上海九百,600838.SH,600838,
600839,四川长虹,600839.SH,600839,
600841,动力新科,600841.SH,600841,
600843,上工申贝,600843.SH,600843,
600844,金煤科技,600844.SH,600844,
600845,宝信软件,600845.SH,600845,
600846,同济科技,600846.SH,600846,
600847,万里股份,600847.SH,600847,
600848,上海临港,600848.SH,600848,
600850,电科数字,600850.SH,600850,
600851,海欣股份,600851.SH,600851,
600853,龙建股份,600853.SH,600853,
600854,春兰股份,600854.SH,600854,
600855,航天长峰,600855.SH,600855,
600857,宁波中百,600857.SH,600857,
600858,银座股份,600858.SH,600858,
600859,王府井,600859.SH,600859,
600860,京城股份,600860.SH,600860,
600861,北京人力,600861.SH,600861,
600862,中航高科,600862.SH,600862,
600863,华能蒙电,600863.SH,600863,
600864,哈投股份,600864.SH,600864,
600865,百大集团,600865.SH,600865,
600866,星湖科技,600866.SH,600866,
600867,通化东宝,600867.SH,600867,
600868,梅雁吉祥,600868.SH,600868,
600869,远东股份,600869.SH,600869,
600871,石化油服,600871.SH,600871,
600872,中炬高新,600872.SH,600872,
600873,梅花生物,600873.SH,600873,
600874,创业环保,600874.SH,600874,
600875,东方电气,600875.SH,600875,
600876,凯盛新能,600876.SH,600876,
600877,电科芯片,600877.SH,600877,
600879,航天电子,600879.SH,600879,
600880,博瑞传播,600880.SH,600880,
600881,亚泰集团,600881.SH,600881,
600882,妙可蓝多,600882.SH,600882,
600883,博闻科技,600883.SH,600883,
600884,杉杉股份,600884.SH,600884,
600885,宏发股份,600885.SH,600885,
600886,国投电力,600886.SH,600886,
600887,伊利股份,600887.SH,600887,
600888,新疆众和,600888.SH,600888,
600889,南京化纤,600889.SH,600889,
600892,*ST大晟,600892.SH,600892,
600893,航发动力,600893.SH,600893,
600894,广日股份,600894.SH,600894,
600895,张江高科,600895.SH,600895,
600897,厦门空港,600897.SH,600897,
600900,长江电力,600900.SH,600900,
600901,江苏金租,600901.SH,600901,
600903,贵州燃气,600903.SH,600903,
600905,三峡能源,600905.SH,600905,
600906,财达证券,600906.SH,600906,
600908,无锡银行,600908.SH,600908,
600909,华安证券,600909.SH,600909,
600916,中国黄金,600916.SH,600916,
600917,重庆燃气,600917.SH,600917,
600918,中泰证券,600918.SH,600918,
600919,江苏银行,600919.SH,600919,
600925,苏能股份,600925.SH,600925,
600926,杭州银行,600926.SH,600926,
600927,永安期货,600927.SH,600927,
600928,西安银行,600928.SH,600928,
600929,雪天盐业,600929.SH,600929,
600930,华电新能,600930.SH,600930,
600933,爱柯迪,600933.SH,600933,
600935,华塑股份,600935.SH,600935,
600936,北投科技,600936.SH,600936,
600938,中国海油,600938.SH,600938,
600939,重庆建工,600939.SH,600939,
600941,中国移动,600941.SH,600941,
600955,维远股份,600955.SH,600955,
600956,新天绿能,600956.SH,600956,
600958,东方证券,600958.SH,600958,
600959,江苏有线,600959.SH,600959,
600960,渤海汽车,600960.SH,600960,
600961,株冶集团,600961.SH,600961,
600962,国投中鲁,600962.SH,600962,
600963,岳阳林纸,600963.SH,600963,
600965,福成股份,600965.SH,600965,
600966,博汇纸业,600966.SH,600966,
600967,内蒙一机,600967.SH,600967,
600968,海油发展,600968.SH,600968,
600969,郴电国际,600969.SH,600969,
600970,中材国际,600970.SH,600970,
600971,恒源煤电,600971.SH,600971,
600973,宝胜股份,600973.SH,600973,
600975,新五丰,600975.SH,600975,
600976,健民集团,600976.SH,600976,
600977,中国电影,600977.SH,600977,
600979,广安爱众,600979.SH,600979,
600980,北矿科技,600980.SH,600980,
600981,苏豪汇鸿,600981.SH,600981,
600982,宁波能源,600982.SH,600982,
600983,惠而浦,600983.SH,600983,
600984,建设机械,600984.SH,600984,
600985,淮北矿业,600985.SH,600985,
600986,浙文互联,600986.SH,600986,
600987,航民股份,600987.SH,600987,
600988,赤峰黄金,600988.SH,600988,
600989,宝丰能源,600989.SH,600989,
600990,四创电子,600990.SH,600990,
600992,贵绳股份,600992.SH,600992,
600993,马应龙,600993.SH,600993,
600995,南网储能,600995.SH,600995,
600996,贵广网络,600996.SH,600996,
600997,开滦股份,600997.SH,600997,
600998,九州通,600998.SH,600998,
600999,招商证券,600999.SH,600999,
601000,唐山港,601000.SH,601000,
601001,晋控煤业,601001.SH,601001,
601002,晋亿实业,601002.SH,601002,
601003,柳钢股份,601003.SH,601003,
601005,重庆钢铁,601005.SH,601005,
601006,大秦铁路,601006.SH,601006,
601007,金陵饭店,601007.SH,601007,
601008,连云港,601008.SH,601008,
601009,南京银行,601009.SH,601009,
601010,文峰股份,601010.SH,601010,
601011,宝泰隆,601011.SH,601011,
601012,隆基绿能,601012.SH,601012,
601015,陕西黑猫,601015.SH,601015,
601016,节能风电,601016.SH,601016,
601018,宁波港,601018.SH,601018,
601019,山东出版,601019.SH,601019,
601020,华钰矿业,601020.SH,601020,
601021,春秋航空,601021.SH,601021,
601022,宁波远洋,601022.SH,601022,
601026,道生天合,601026.SH,601026,
601033,永兴股份,601033.SH,601033,
601038,一拖股份,601038.SH,601038,
601058,赛轮轮胎,601058.SH,601058,
601059,信达证券,601059.SH,601059,
601061,中信金属,601061.SH,601061,
601065,江盐集团,601065.SH,601065,
601066,中信建投,601066.SH,601066,
601068,中铝国际,601068.SH,601068,
601069,西部黄金,601069.SH,601069,
601077,渝农商行,601077.SH,601077,
601083,锦江航运,601083.SH,601083,
601086,国芳集团,601086.SH,601086,
601088,中国神华,601088.SH,601088,
601089,福元医药,601089.SH,601089,
601096,宏盛华源,601096.SH,601096,
601098,中南传媒,601098.SH,601098,
601099,太平洋,601099.SH,601099,
601100,恒立液压,601100.SH,601100,
601101,昊华能源,601101.SH,601101,
601106,中国一重,601106.SH,601106,
601107,四川成渝,601107.SH,601107,
601108,财通证券,601108.SH,601108,
601111,中国国航,601111.SH,601111,
601112,振石股份,601112.SH,601112,
601113,华鼎股份,601113.SH,601113,
601116,三江购物,601116.SH,601116,
601117,中国化学,601117.SH,601117,
601118,海南橡胶,601118.SH,601118,
601121,宝地矿业,601121.SH,601121,
601126,四方股份,601126.SH,601126,
601127,赛力斯,601127.SH,601127,
601128,常熟银行,601128.SH,601128,
601133,柏诚股份,601133.SH,601133,
601136,首创证券,601136.SH,601136,
601137,博威合金,601137.SH,601137,
601138,工业富联,601138.SH,601138,
601139,深圳燃气,601139.SH,601139,
601155,新城控股,601155.SH,601155,
601156,东航物流,601156.SH,601156,
601158,重庆水务,601158.SH,601158,
601162,天风证券,601162.SH,601162,
601163,三角轮胎,601163.SH,601163,
601166,兴业银行,601166.SH,601166,
601168,西部矿业,601168.SH,601168,
601169,北京银行,601169.SH,601169,
601177,杭齿前进,601177.SH,601177,
601179,中国西电,601179.SH,601179,
601186,中国铁建,601186.SH,601186,
601187,厦门银行,601187.SH,601187,
601188,龙江交通,601188.SH,601188,
601198,东兴证券,601198.SH,601198,
601199,江南水务,601199.SH,601199,
601200,上海环境,601200.SH,601200,
601208,东材科技,601208.SH,601208,
601211,国泰海通,601211.SH,601211,
601212,白银有色,601212.SH,601212,
601216,君正集团,601216.SH,601216,
601218,吉鑫科技,601218.SH,601218,
601222,林洋能源,601222.SH,601222,
601225,陕西煤业,601225.SH,601225,
601226,华电科工,601226.SH,601226,
601228,广州港,601228.SH,601228,
601229,上海银行,601229.SH,601229,
601231,环旭电子,601231.SH,601231,
601233,桐昆股份,601233.SH,601233,
601236,红塔证券,601236.SH,601236,
601238,广汽集团,601238.SH,601238,
601279,英利汽车,601279.SH,601279,
601288,农业银行,601288.SH,601288,
601298,青岛港,601298.SH,601298,
601311,骆驼股份,601311.SH,601311,
601318,中国平安,601318.SH,601318,
601319,中国人保,601319.SH,601319,
601326,秦港股份,601326.SH,601326,
601328,交通银行,601328.SH,601328,
601330,绿色动力,601330.SH,601330,
601333,广深铁路,601333.SH,601333,
601336,新华保险,601336.SH,601336,
601339,百隆东方,601339.SH,601339,
601360,三六零,601360.SH,601360,
601366,利群股份,601366.SH,601366,
601368,绿城水务,601368.SH,601368,
601369,陕鼓动力,601369.SH,601369,
601375,中原证券,601375.SH,601375,
601377,兴业证券,601377.SH,601377,
601388,怡球资源,601388.SH,601388,
601390,中国中铁,601390.SH,601390,
601398,工商银行,601398.SH,601398,
601399,国机重装,601399.SH,601399,
601456,国联民生,601456.SH,601456,
601500,通用股份,601500.SH,601500,
601512,中新集团,601512.SH,601512,
601515,衢州东峰,601515.SH,601515,
601518,吉林高速,601518.SH,601518,
601519,大智慧,601519.SH,601519,
601528,瑞丰银行,601528.SH,601528,
601555,东吴证券,601555.SH,601555,
601566,九牧王,601566.SH,601566,
601567,三星电气,601567.SH,601567,
601568,北元集团,601568.SH,601568,
601577,长沙银行,601577.SH,601577,
601579,会稽山,601579.SH,601579,
601588,北辰实业,601588.SH,601588,
601595,上海电影,601595.SH,601595,
601598,中国外运,601598.SH,601598,
601599,浙文影业,601599.SH,601599,
601600,中国铝业,601600.SH,601600,
601601,中国太保,601601.SH,601601,
601606,长城军工,601606.SH,601606,
601607,上海医药,601607.SH,601607,
601608,中信重工,601608.SH,601608,
601609,金田股份,601609.SH,601609,
601611,中国核建,601611.SH,601611,
601615,明阳智能,601615.SH,601615,
601616,广电电气,601616.SH,601616,
601618,中国中冶,601618.SH,601618,
601619,嘉泽新能,601619.SH,601619,
601628,中国人寿,601628.SH,601628,
601633,长城汽车,601633.SH,601633,
601636,旗滨集团,601636.SH,601636,
601658,邮储银行,601658.SH,601658,
601665,齐鲁银行,601665.SH,601665,
601666,平煤股份,601666.SH,601666,
601668,中国建筑,601668.SH,601668,
601669,中国电建,601669.SH,601669,
601677,明泰铝业,601677.SH,601677,
601678,滨化股份,601678.SH,601678,
601686,友发集团,601686.SH,601686,
601688,华泰证券,601688.SH,601688,
601689,拓普集团,601689.SH,601689,
601696,中银证券,601696.SH,601696,
601698,中国卫通,601698.SH,601698,
601699,潞安环能,601699.SH,601699,
601700,风范股份,601700.SH,601700,
601702,华峰铝业,601702.SH,601702,
601717,中创智领,601717.SH,601717,
601718,际华集团,601718.SH,601718,
601727,上海电气,601727.SH,601727,
601728,中国电信,601728.SH,601728,
601766,中国中车,601766.SH,601766,
601777,千里科技,601777.SH,601777,
601778,晶科科技,601778.SH,601778,
601788,光大证券,601788.SH,601788,
601789,宁波建工,601789.SH,601789,
601798,蓝科高新,601798.SH,601798,
601799,星宇股份,601799.SH,601799,
601800,中国交建,601800.SH,601800,
601801,皖新传媒,601801.SH,601801,
601808,中海油服,601808.SH,601808,
601811,新华文轩,601811.SH,601811,
601816,京沪高铁,601816.SH,601816,
601818,光大银行,601818.SH,601818,
601825,沪农商行,601825.SH,601825,
601827,三峰环境,601827.SH,601827,
601828,美凯龙,601828.SH,601828,
601838,成都银行,601838.SH,601838,
601857,中国石油,601857.SH,601857,
601858,中国科传,601858.SH,601858,
601860,紫金银行,601860.SH,601860,
601865,福莱特,601865.SH,601865,
601866,中远海发,601866.SH,601866,
601868,中国能建,601868.SH,601868,
601869,长飞光纤,601869.SH,601869,
601872,招商轮船,601872.SH,601872,
601877,正泰电器,601877.SH,601877,
601878,浙商证券,601878.SH,601878,
601880,辽港股份,601880.SH,601880,
601881,中国银河,601881.SH,601881,
601882,海天精工,601882.SH,601882,
601886,江河集团,601886.SH,601886,
601888,中国中免,601888.SH,601888,
601890,亚星锚链,601890.SH,601890,
601898,中煤能源,601898.SH,601898,
601899,紫金矿业,601899.SH,601899,
601900,南方传媒,601900.SH,601900,
601901,方正证券,601901.SH,601901,
601908,京运通,601908.SH,601908,
601916,浙商银行,601916.SH,601916,
601918,新集能源,601918.SH,601918,
601919,中远海控,601919.SH,601919,
601921,浙版传媒,601921.SH,601921,
601928,凤凰传媒,601928.SH,601928,
601929,吉视传媒,601929.SH,601929,
601933,永辉超市,601933.SH,601933,
601939,建设银行,601939.SH,601939,
601949,中国出版,601949.SH,601949,
601952,苏垦农发,601952.SH,601952,
601956,东贝集团,601956.SH,601956,
601958,金钼股份,601958.SH,601958,
601963,重庆银行,601963.SH,601963,
601965,中国汽研,601965.SH,601965,
601966,玲珑轮胎,601966.SH,601966,
601968,宝钢包装,601968.SH,601968,
601969,海南矿业,601969.SH,601969,
601975,招商南油,601975.SH,601975,
601985,中国核电,601985.SH,601985,
601988,中国银行,601988.SH,601988,
601990,南京证券,601990.SH,601990,
601991,大唐发电,601991.SH,601991,
601992,金隅集团,601992.SH,601992,
601995,中金公司,601995.SH,601995,
601996,丰林集团,601996.SH,601996,
601997,贵阳银行,601997.SH,601997,
601998,中信银行,601998.SH,601998,
601999,出版传媒,601999.SH,601999,
603000,人民网,603000.SH,603000,
603001,奥康国际,603001.SH,603001,
603002,宏昌电子,603002.SH,603002,
603004,鼎龙科技,603004.SH,603004,
603005,晶方科技,603005.SH,603005,
603006,联明股份,603006.SH,603006,
603007,*ST花王,603007.SH,603007,
603008,喜临门,603008.SH,603008,
603009,北特科技,603009.SH,603009,
603010,万盛股份,603010.SH,603010,
603011,合锻智能,603011.SH,603011,
603012,创力集团,603012.SH,603012,
603013,亚普股份,603013.SH,603013,
603014,威高血净,603014.SH,603014,
603015,弘讯科技,603015.SH,603015,
603016,新宏泰,603016.SH,603016,
603017,中衡设计,603017.SH,603017,
603018,华设集团,603018.SH,603018,
603019,中科曙光,603019.SH,603019,
603020,爱普股份,603020.SH,603020,
603021,ST华鹏,603021.SH,603021,
603022,新通联,603022.SH,603022,
603023,威帝股份,603023.SH,603023,
603025,大豪科技,603025.SH,603025,
603026,石大胜华,603026.SH,603026,
603027,千禾味业,603027.SH,603027,
603028,赛福天,603028.SH,603028,
603029,天鹅股份,603029.SH,603029,
603030,全筑股份,603030.SH,603030,
603031,安孚科技,603031.SH,603031,
603032,德新科技,603032.SH,603032,
603033,三维股份,603033.SH,603033,
603035,常熟汽饰,603035.SH,603035,
603036,如通股份,603036.SH,603036,
603037,凯众股份,603037.SH,603037,
603038,华立股份,603038.SH,603038,
603039,泛微网络,603039.SH,603039,
603040,新坐标,603040.SH,603040,
603041,美思德,603041.SH,603041,
603042,华脉科技,603042.SH,603042,
603043,广州酒家,603043.SH,603043,
603045,福达合金,603045.SH,603045,
603048,浙江黎明,603048.SH,603048,
603049,中策橡胶,603049.SH,603049,
603050,科林电气,603050.SH,603050,
603051,鹿山新材,603051.SH,603051,
603052,可川科技,603052.SH,603052,
603053,成都燃气,603053.SH,603053,
603055,台华新材,603055.SH,603055,
603057,紫燕食品,603057.SH,603057,
603058,永吉股份,603058.SH,603058,
603059,倍加洁,603059.SH,603059,
603060,国检集团,603060.SH,603060,
603061,金海通,603061.SH,603061,
603062,麦加芯彩,603062.SH,603062,
603063,禾望电气,603063.SH,603063,
603065,宿迁联盛,603065.SH,603065,
603066,音飞储存,603066.SH,603066,
603067,振华股份,603067.SH,603067,
603068,博通集成,603068.SH,603068,
603069,海汽集团,603069.SH,603069,
603070,万控智造,603070.SH,603070,
603071,物产环能,603071.SH,603071,
603072,天和磁材,603072.SH,603072,
603073,彩蝶实业,603073.SH,603073,
603075,热威股份,603075.SH,603075,
603076,乐惠国际,603076.SH,603076,
603077,和邦生物,603077.SH,603077,
603078,江化微,603078.SH,603078,
603079,圣达生物,603079.SH,603079,
603080,新疆火炬,603080.SH,603080,
603081,大丰实业,603081.SH,603081,
603082,北自科技,603082.SH,603082,
603083,剑桥科技,603083.SH,603083,
603085,天成自控,603085.SH,603085,
603086,先达股份,603086.SH,603086,
603087,甘李药业,603087.SH,603087,
603088,宁波精达,603088.SH,603088,
603089,正裕工业,603089.SH,603089,
603090,宏盛股份,603090.SH,603090,
603091,众鑫股份,603091.SH,603091,
603092,德力佳,603092.SH,603092,
603093,南华期货,603093.SH,603093,
603095,越剑智能,603095.SH,603095,
603096,新经典,603096.SH,603096,
603097,江苏华辰,603097.SH,603097,
603098,森特股份,603098.SH,603098,
603099,长白山,603099.SH,603099,
603100,川仪股份,603100.SH,603100,
603101,汇嘉时代,603101.SH,603101,
603102,百合股份,603102.SH,603102,
603103,横店影视,603103.SH,603103,
603105,芯能科技,603105.SH,603105,
603106,恒银科技,603106.SH,603106,
603107,上海汽配,603107.SH,603107,
603108,润达医疗,603108.SH,603108,
603109,神驰机电,603109.SH,603109,
603110,东方材料,603110.SH,603110,
603111,康尼机电,603111.SH,603111,
603112,华翔股份,603112.SH,603112,
603113,金能科技,603113.SH,603113,
603115,海星股份,603115.SH,603115,
603116,红蜻蜓,603116.SH,603116,
603117,万林物流,603117.SH,603117,
603118,共进股份,603118.SH,603118,
603119,浙江荣泰,603119.SH,603119,
603120,肯特催化,603120.SH,603120,
603121,华培动力,603121.SH,603121,
603122,合富中国,603122.SH,603122,
603123,翠微股份,603123.SH,603123,
603124,江南新材,603124.SH,603124,
603125,常青科技,603125.SH,603125,
603126,中材节能,603126.SH,603126,
603127,昭衍新药,603127.SH,603127,
603128,华贸物流,603128.SH,603128,
603129,春风动力,603129.SH,603129,
603130,云中马,603130.SH,603130,
603131,上海沪工,603131.SH,603131,
603132,金徽股份,603132.SH,603132,
603135,中重科技,603135.SH,603135,
603136,天目湖,603136.SH,603136,
603137,恒尚节能,603137.SH,603137,
603138,海量数据,603138.SH,603138,
603139,康惠股份,603139.SH,603139,
603150,万朗磁塑,603150.SH,603150,
603151,邦基科技,603151.SH,603151,
603153,上海建科,603153.SH,603153,
603155,新亚强,603155.SH,603155,
603156,养元饮品,603156.SH,603156,
603158,腾龙股份,603158.SH,603158,
603159,上海亚虹,603159.SH,603159,
603160,汇顶科技,603160.SH,603160,
603161,科华控股,603161.SH,603161,
603162,海通发展,603162.SH,603162,
603163,圣晖集成,603163.SH,603163,
603165,荣晟环保,603165.SH,603165,
603166,福达股份,603166.SH,603166,
603167,渤海轮渡,603167.SH,603167,
603168,莎普爱思,603168.SH,603168,
603169,兰石重装,603169.SH,603169,
603170,宝立食品,603170.SH,603170,
603171,税友股份,603171.SH,603171,
603172,万丰股份,603172.SH,603172,
603173,福斯达,603173.SH,603173,
603175,超颖电子,603175.SH,603175,
603176,汇通集团,603176.SH,603176,
603177,德创环保,603177.SH,603177,
603178,圣龙股份,603178.SH,603178,
603179,新泉股份,603179.SH,603179,
603180,金牌家居,603180.SH,603180,
603181,皇马科技,603181.SH,603181,
603182,嘉华股份,603182.SH,603182,
603183,建研院,603183.SH,603183,
603185,弘元绿能,603185.SH,603185,
603186,华正新材,603186.SH,603186,
603187,海容冷链,603187.SH,603187,
603188,亚邦股份,603188.SH,603188,
603189,网达软件,603189.SH,603189,
603190,亚通精工,603190.SH,603190,
603191,望变电气,603191.SH,603191,
603192,汇得科技,603192.SH,603192,
603193,润本股份,603193.SH,603193,
603194,中力股份,603194.SH,603194,
603195,公牛集团,603195.SH,603195,
603196,璞源材料,603196.SH,603196,
603197,保隆科技,603197.SH,603197,
603198,迎驾贡酒,603198.SH,603198,
603199,九华旅游,603199.SH,603199,
603200,上海洗霸,603200.SH,603200,
603201,常润股份,603201.SH,603201,
603202,天有为,603202.SH,603202,
603203,快克智能,603203.SH,603203,
603205,健尔康,603205.SH,603205,
603206,嘉环科技,603206.SH,603206,
603207,小方制药,603207.SH,603207,
603208,江山欧派,603208.SH,603208,
603209,兴通股份,603209.SH,603209,
603210,泰鸿万立,603210.SH,603210,
603211,晋拓股份,603211.SH,603211,
603212,赛伍技术,603212.SH,603212,
603213,镇洋发展,603213.SH,603213,
603214,爱婴室,603214.SH,603214,
603215,比依股份,603215.SH,603215,
603216,梦天家居,603216.SH,603216,
603217,元利科技,603217.SH,603217,
603218,日月股份,603218.SH,603218,
603219,富佳股份,603219.SH,603219,
603220,中贝通信,603220.SH,603220,
603221,爱丽家居,603221.SH,603221,
603222,济民健康,603222.SH,603222,
603223,恒通股份,603223.SH,603223,
603225,新凤鸣,603225.SH,603225,
603226,菲林格尔,603226.SH,603226,
603227,雪峰科技,603227.SH,603227,
603228,景旺电子,603228.SH,603228,
603229,奥翔药业,603229.SH,603229,
603230,内蒙新华,603230.SH,603230,
603231,索宝蛋白,603231.SH,603231,
603232,格尔软件,603232.SH,603232,
603233,大参林,603233.SH,603233,
603235,天新药业,603235.SH,603235,
603236,移远通信,603236.SH,603236,
603237,五芳斋,603237.SH,603237,
603238,诺邦股份,603238.SH,603238,
603239,浙江仙通,603239.SH,603239,
603248,锡华科技,603248.SH,603248,
603255,鼎际得,603255.SH,603255,
603256,宏和科技,603256.SH,603256,
603257,中国瑞林,603257.SH,603257,
603258,电魂网络,603258.SH,603258,
603259,药明康德,603259.SH,603259,
603260,合盛硅业,603260.SH,603260,
603261,*ST立航,603261.SH,603261,
603262,技源集团,603262.SH,603262,
603266,天龙股份,603266.SH,603266,
603267,鸿远电子,603267.SH,603267,
603268,*ST松发,603268.SH,603268,
603269,海鸥股份,603269.SH,603269,
603270,金帝股份,603270.SH,603270,
603271,永杰新材,603271.SH,603271,
603272,联翔股份,603272.SH,603272,
603273,天元智能,603273.SH,603273,
603275,众辰科技,603275.SH,603275,
603276,恒兴新材,603276.SH,603276,
603277,银都股份,603277.SH,603277,
603278,大业股份,603278.SH,603278,
603279,景津装备,603279.SH,603279,
603280,南方路机,603280.SH,603280,
603281,江瀚新材,603281.SH,603281,
603282,亚光股份,603282.SH,603282,
603283,赛腾股份,603283.SH,603283,
603284,林平发展,603284.SH,603284,
603285,键邦股份,603285.SH,603285,
603286,日盈电子,603286.SH,603286,
603288,海天味业,603288.SH,603288,
603289,泰瑞机器,603289.SH,603289,
603290,斯达半导,603290.SH,603290,
603291,联合水务,603291.SH,603291,
603293,C埃泰克,603293.SH,603293,
603296,华勤技术,603296.SH,603296,
603297,永新光学,603297.SH,603297,
603298,杭叉集团,603298.SH,603298,
603299,苏盐井神,603299.SH,603299,
603300,海南华铁,603300.SH,603300,
603301,振德医疗,603301.SH,603301,
603303,得邦照明,603303.SH,603303,
603305,旭升集团,603305.SH,603305,
603306,华懋科技,603306.SH,603306,
603307,扬州金泉,603307.SH,603307,
603308,应流股份,603308.SH,603308,
603309,维力医疗,603309.SH,603309,
603310,巍华新材,603310.SH,603310,
603311,金海高科,603311.SH,603311,
603312,西典新能,603312.SH,603312,
603313,梦百合,603313.SH,603313,
603315,福鞍股份,603315.SH,603315,
603316,诚邦股份,603316.SH,603316,
603317,天味食品,603317.SH,603317,
603318,水发燃气,603318.SH,603318,
603319,美湖股份,603319.SH,603319,
603320,迪贝电气,603320.SH,603320,
603321,梅轮电梯,603321.SH,603321,
603322,超讯通信,603322.SH,603322,
603323,苏农银行,603323.SH,603323,
603324,盛剑科技,603324.SH,603324,
603325,博隆技术,603325.SH,603325,
603326,我乐家居,603326.SH,603326,
603327,福蓉科技,603327.SH,603327,
603328,依顿电子,603328.SH,603328,
603329,上海雅仕,603329.SH,603329,
603330,天洋新材,603330.SH,603330,
603331,百达精工,603331.SH,603331,
603332,苏州龙杰,603332.SH,603332,
603333,尚纬股份,603333.SH,603333,
603334,丰倍生物,603334.SH,603334,
603335,迪生力,603335.SH,603335,
603336,宏辉果蔬,603336.SH,603336,
603337,杰克科技,603337.SH,603337,
603338,浙江鼎力,603338.SH,603338,
603339,四方科技,603339.SH,603339,
603341,龙旗科技,603341.SH,603341,
603344,星德胜,603344.SH,603344,
603345,安井食品,603345.SH,603345,
603348,文灿股份,603348.SH,603348,
603350,安乃达,603350.SH,603350,
603351,威尔药业,603351.SH,603351,
603352,至信股份,603352.SH,603352,
603353,和顺石油,603353.SH,603353,
603355,莱克电气,603355.SH,603355,
603356,华菱精工,603356.SH,603356,
603357,设计总院,603357.SH,603357,
603358,华达科技,603358.SH,603358,
603359,东珠生态,603359.SH,603359,
603360,百傲化学,603360.SH,603360,
603363,傲农生物,603363.SH,603363,
603365,水星家纺,603365.SH,603365,
603366,日出东方,603366.SH,603366,
603367,辰欣药业,603367.SH,603367,
603368,柳药集团,603368.SH,603368,
603369,今世缘,603369.SH,603369,
603370,华新精科,603370.SH,603370,
603373,安邦护卫,603373.SH,603373,
603375,盛景微,603375.SH,603375,
603376,大明电子,603376.SH,603376,
603377,ST东时,603377.SH,603377,
603378,亚士创能,603378.SH,603378,
603379,三美股份,603379.SH,603379,
603380,易德龙,603380.SH,603380,
603381,永臻股份,603381.SH,603381,
603382,海阳科技,603382.SH,603382,
603383,顶点软件,603383.SH,603383,
603385,惠达卫浴,603385.SH,603385,
603386,骏亚科技,603386.SH,603386,
603387,基蛋生物,603387.SH,603387,
603389,*ST亚振,603389.SH,603389,
603390,通达电气,603390.SH,603390,
603391,力聚热能,603391.SH,603391,
603392,万泰生物,603392.SH,603392,
603393,新天然气,603393.SH,603393,
603395,红四方,603395.SH,603395,
603396,金辰股份,603396.SH,603396,
603398,*ST沐邦,603398.SH,603398,
603399,永杉锂业,603399.SH,603399,
603400,华之杰,603400.SH,603400,
603402,陕西旅游,603402.SH,603402,
603406,天富龙,603406.SH,603406,
603408,建霖家居,603408.SH,603408,
603409,汇通控股,603409.SH,603409,
603416,信捷电气,603416.SH,603416,
603418,友升股份,603418.SH,603418,
603421,鼎信通讯,603421.SH,603421,
603429,*ST集友,603429.SH,603429,
603439,三力制药,603439.SH,603439,
603444,吉比特,603444.SH,603444,
603456,九洲药业,603456.SH,603456,
603458,勘设股份,603458.SH,603458,
603459,红板科技,603459.SH,603459,
603466,风语筑,603466.SH,603466,
603477,巨星农牧,603477.SH,603477,
603486,科沃斯,603486.SH,603486,
603488,展鹏科技,603488.SH,603488,
603489,八方股份,603489.SH,603489,
603496,恒为科技,603496.SH,603496,
603499,翔港科技,603499.SH,603499,
603500,祥和实业,603500.SH,603500,
603501,豪威集团,603501.SH,603501,
603505,金石资源,603505.SH,603505,
603506,南都物业,603506.SH,603506,
603507,振江股份,603507.SH,603507,
603508,思维列控,603508.SH,603508,
603511,爱慕股份,603511.SH,603511,
603515,欧普照明,603515.SH,603515,
603516,淳中科技,603516.SH,603516,
603517,ST绝味,603517.SH,603517,
603518,锦泓集团,603518.SH,603518,
603519,立霸股份,603519.SH,603519,
603520,司太立,603520.SH,603520,
603527,众源新材,603527.SH,603527,
603528,多伦科技,603528.SH,603528,
603529,爱玛科技,603529.SH,603529,
603530,神马电力,603530.SH,603530,
603533,掌阅科技,603533.SH,603533,
603535,嘉诚国际,603535.SH,603535,
603536,惠发食品,603536.SH,603536,
603538,美诺华,603538.SH,603538,
603551,奥普科技,603551.SH,603551,
603556,海兴电力,603556.SH,603556,
603557,ST起步,603557.SH,603557,
603558,健盛集团,603558.SH,603558,
603559,ST通脉,603559.SH,603559,
603565,中谷物流,603565.SH,603565,
603566,普莱柯,603566.SH,603566,
603567,珍宝岛,603567.SH,603567,
603568,伟明环保,603568.SH,603568,
603569,长久物流,603569.SH,603569,
603577,汇金通,603577.SH,603577,
603578,三星新材,603578.SH,603578,
603579,荣泰健康,603579.SH,603579,
603580,*ST艾艾,603580.SH,603580,
603583,捷昌驱动,603583.SH,603583,
603585,苏利股份,603585.SH,603585,
603586,金麒麟,603586.SH,603586,
603587,地素时尚,603587.SH,603587,
603588,高能环境,603588.SH,603588,
603589,口子窖,603589.SH,603589,
603590,康辰药业,603590.SH,603590,
603595,ST东尼,603595.SH,603595,
603596,伯特利,603596.SH,603596,
603598,引力传媒,603598.SH,603598,
603599,广信股份,603599.SH,603599,
603600,永艺股份,603600.SH,603600,
603601,再升科技,603601.SH,603601,
603602,纵横通信,603602.SH,603602,
603605,珀莱雅,603605.SH,603605,
603606,东方电缆,603606.SH,603606,
603607,京华激光,603607.SH,603607,
603608,天创时尚,603608.SH,603608,
603609,禾丰股份,603609.SH,603609,
603610,麒盛科技,603610.SH,603610,
603611,诺力股份,603611.SH,603611,
603612,索通发展,603612.SH,603612,
603613,国联股份,603613.SH,603613,
603615,茶花股份,603615.SH,603615,
603616,韩建河山,603616.SH,603616,
603617,君禾股份,603617.SH,603617,
603618,杭电股份,603618.SH,603618,
603619,中曼石油,603619.SH,603619,
603626,科森科技,603626.SH,603626,
603628,清源股份,603628.SH,603628,
603629,利通电子,603629.SH,603629,
603630,拉芳家化,603630.SH,603630,
603633,徕木股份,603633.SH,603633,
603636,南威软件,603636.SH,603636,
603637,镇海股份,603637.SH,603637,
603638,艾迪精密,603638.SH,603638,
603639,海利尔,603639.SH,603639,
603648,畅联股份,603648.SH,603648,
603650,彤程新材,603650.SH,603650,
603655,朗博科技,603655.SH,603655,
603656,泰禾智能,603656.SH,603656,
603657,春光科技,603657.SH,603657,
603658,安图生物,603658.SH,603658,
603659,XD璞泰来,603659.SH,603659,
603660,苏州科达,603660.SH,603660,
603661,恒林股份,603661.SH,603661,
603662,柯力传感,603662.SH,603662,
603663,三祥新材,603663.SH,603663,
603665,康隆达,603665.SH,603665,
603666,亿嘉和,603666.SH,603666,
603667,五洲新春,603667.SH,603667,
603668,天马科技,603668.SH,603668,
603669,灵康药业,603669.SH,603669,
603676,卫信康,603676.SH,603676,
603677,奇精机械,603677.SH,603677,
603678,火炬电子,603678.SH,603678,
603679,华体科技,603679.SH,603679,
603680,今创集团,603680.SH,603680,
603681,永冠新材,603681.SH,603681,
603682,锦和商管,603682.SH,603682,
603683,晶华新材,603683.SH,603683,
603685,晨丰科技,603685.SH,603685,
603686,福龙马,603686.SH,603686,
603687,大胜达,603687.SH,603687,
603688,石英股份,603688.SH,603688,
603689,皖天然气,603689.SH,603689,
603690,至纯科技,603690.SH,603690,
603693,江苏新能,603693.SH,603693,
603696,安记食品,603696.SH,603696,
603697,有友食品,603697.SH,603697,
603698,航天工程,603698.SH,603698,
603699,纽威股份,603699.SH,603699,
603700,宁水集团,603700.SH,603700,
603701,德宏股份,603701.SH,603701,
603703,盛洋科技,603703.SH,603703,
603706,东方环宇,603706.SH,603706,
603707,健友股份,603707.SH,603707,
603708,家家悦,603708.SH,603708,
603709,中源家居,603709.SH,603709,
603711,香飘飘,603711.SH,603711,
603712,七一二,603712.SH,603712,
603713,密尔克卫,603713.SH,603713,
603716,塞力医疗,603716.SH,603716,
603717,天域生物,603717.SH,603717,
603718,海利生物,603718.SH,603718,
603719,良品铺子,603719.SH,603719,
603721,*ST天择,603721.SH,603721,
603722,阿科力,603722.SH,603722,
603725,天安新材,603725.SH,603725,
603726,朗迪集团,603726.SH,603726,
603727,博迈科,603727.SH,603727,
603728,鸣志电器,603728.SH,603728,
603729,龙韵股份,603729.SH,603729,
603730,岱美股份,603730.SH,603730,
603733,仙鹤股份,603733.SH,603733,
603737,三棵树,603737.SH,603737,
603738,泰晶科技,603738.SH,603738,
603739,蔚蓝生物,603739.SH,603739,
603755,日辰股份,603755.SH,603755,
603757,大元泵业,603757.SH,603757,
603758,秦安股份,603758.SH,603758,
603759,海天股份,603759.SH,603759,
603766,隆鑫通用,603766.SH,603766,
603767,中马传动,603767.SH,603767,
603768,常青股份,603768.SH,603768,
603773,沃格光电,603773.SH,603773,
603776,永安行,603776.SH,603776,
603777,来伊份,603777.SH,603777,
603778,国晟科技,603778.SH,603778,
603779,威龙股份,603779.SH,603779,
603786,科博达,603786.SH,603786,
603787,新日股份,603787.SH,603787,
603788,宁波高发,603788.SH,603788,
603789,*ST星农,603789.SH,603789,
603790,雅运股份,603790.SH,603790,
603797,联泰环保,603797.SH,603797,
603798,康普顿,603798.SH,603798,
603799,华友钴业,603799.SH,603799,
603800,洪田股份,603800.SH,603800,
603801,志邦家居,603801.SH,603801,
603803,瑞斯康达,603803.SH,603803,
603806,福斯特,603806.SH,603806,
603808,歌力思,603808.SH,603808,
603809,豪能股份,603809.SH,603809,
603810,丰山集团,603810.SH,603810,
603811,诚意药业,603811.SH,603811,
603813,*ST原尚,603813.SH,603813,
603815,交建股份,603815.SH,603815,
603816,顾家家居,603816.SH,603816,
603817,海峡环保,603817.SH,603817,
603818,曲美家居,603818.SH,603818,
603819,神力股份,603819.SH,603819,
603822,ST嘉澳,603822.SH,603822,
603823,百合花,603823.SH,603823,
603825,ST华扬,603825.SH,603825,
603826,坤彩科技,603826.SH,603826,
603828,ST柯利达,603828.SH,603828,
603829,洛凯股份,603829.SH,603829,
603833,欧派家居,603833.SH,603833,
603836,海程邦达,603836.SH,603836,
603838,*ST四通,603838.SH,603838,
603839,安正时尚,603839.SH,603839,
603843,*ST正平,603843.SH,603843,
603848,好太太,603848.SH,603848,
603855,华荣股份,603855.SH,603855,
603856,东宏股份,603856.SH,603856,
603858,步长制药,603858.SH,603858,
603859,能科科技,603859.SH,603859,
603860,中公高科,603860.SH,603860,
603861,白云电器,603861.SH,603861,
603863,松炀资源,603863.SH,603863,
603866,桃李面包,603866.SH,603866,
603867,新化股份,603867.SH,603867,
603868,飞科电器,603868.SH,603868,
603869,ST智知,603869.SH,603869,
603871,嘉友国际,603871.SH,603871,
603876,鼎胜新材,603876.SH,603876,
603877,太平鸟,603877.SH,603877,
603878,武进不锈,603878.SH,603878,
603879,永悦科技,603879.SH,603879,
603880,南卫股份,603880.SH,603880,
603881,数据港,603881.SH,603881,
603882,金域医学,603882.SH,603882,
603883,老百姓,603883.SH,603883,
603885,吉祥航空,603885.SH,603885,
603886,元祖股份,603886.SH,603886,
603887,城地香江,603887.SH,603887,
603888,新华网,603888.SH,603888,
603889,新澳股份,603889.SH,603889,
603890,春秋电子,603890.SH,603890,
603893,瑞芯微,603893.SH,603893,
603895,天永智能,603895.SH,603895,
603896,寿仙谷,603896.SH,603896,
603897,长城科技,603897.SH,603897,
603898,好莱客,603898.SH,603898,
603899,晨光股份,603899.SH,603899,
603900,莱绅通灵,603900.SH,603900,
603901,永创智能,603901.SH,603901,
603903,中持股份,603903.SH,603903,
603906,龙蟠科技,603906.SH,603906,
603908,牧高笛,603908.SH,603908,
603909,建发合诚,603909.SH,603909,
603912,佳力图,603912.SH,603912,
603915,国茂股份,603915.SH,603915,
603916,苏博特,603916.SH,603916,
603917,合力科技,603917.SH,603917,
603918,金桥信息,603918.SH,603918,
603919,金徽酒,603919.SH,603919,
603920,世运电路,603920.SH,603920,
603922,金鸿顺,603922.SH,603922,
603926,铁流股份,603926.SH,603926,
603927,中科软,603927.SH,603927,
603928,兴业股份,603928.SH,603928,
603929,亚翔集成,603929.SH,603929,
603931,格林达,603931.SH,603931,
603933,睿能科技,603933.SH,603933,
603936,博敏电子,603936.SH,603936,
603937,丽岛新材,603937.SH,603937,
603938,三孚股份,603938.SH,603938,
603939,益丰药房,603939.SH,603939,
603948,建业股份,603948.SH,603948,
603949,雪龙集团,603949.SH,603949,
603950,长源东谷,603950.SH,603950,
603955,大千生态,603955.SH,603955,
603956,威派格,603956.SH,603956,
603958,哈森股份,603958.SH,603958,
603959,百利科技,603959.SH,603959,
603960,克来机电,603960.SH,603960,
603966,法兰泰克,603966.SH,603966,
603967,中创物流,603967.SH,603967,
603968,醋化股份,603968.SH,603968,
603969,银龙股份,603969.SH,603969,
603970,中农立华,603970.SH,603970,
603976,正川股份,603976.SH,603976,
603977,国泰集团,603977.SH,603977,
603978,深圳新星,603978.SH,603978,
603979,金诚信,603979.SH,603979,
603980,吉华集团,603980.SH,603980,
603982,泉峰汽车,603982.SH,603982,
603983,丸美生物,603983.SH,603983,
603985,恒润股份,603985.SH,603985,
603986,兆易创新,603986.SH,603986,
603987,康德莱,603987.SH,603987,
603988,中电电机,603988.SH,603988,
603989,艾华集团,603989.SH,603989,
603990,麦迪科技,603990.SH,603990,
603991,至正股份,603991.SH,603991,
603992,松霖科技,603992.SH,603992,
603993,洛阳钼业,603993.SH,603993,
603995,甬金股份,603995.SH,603995,
603997,继峰股份,603997.SH,603997,
603998,方盛制药,603998.SH,603998,
603999,读者传媒,603999.SH,603999,
605001,威奥股份,605001.SH,605001,
605003,众望布艺,605003.SH,605003,
605005,合兴股份,605005.SH,605005,
605006,山东玻纤,605006.SH,605006,
605007,五洲特纸,605007.SH,605007,
605008,长鸿高科,605008.SH,605008,
605009,豪悦护理,605009.SH,605009,
605011,杭州热电,605011.SH,605011,
605016,百龙创园,605016.SH,605016,
605018,长华集团,605018.SH,605018,
605020,永和股份,605020.SH,605020,
605028,世茂能源,605028.SH,605028,
605033,美邦股份,605033.SH,605033,
605050,福然德,605050.SH,605050,
605055,迎丰股份,605055.SH,605055,
605056,咸亨国际,605056.SH,605056,
605058,澳弘电子,605058.SH,605058,
605060,联德股份,605060.SH,605060,
605066,天正电气,605066.SH,605066,
605068,明新旭腾,605068.SH,605068,
605069,正和生态,605069.SH,605069,
605077,华康股份,605077.SH,605077,
605080,浙江自然,605080.SH,605080,
605081,*ST太和,605081.SH,605081,
605086,龙高股份,605086.SH,605086,
605088,冠盛股份,605088.SH,605088,
605089,味知香,605089.SH,605089,
605090,九丰能源,605090.SH,605090,
605098,行动教育,605098.SH,605098,
605099,共创草坪,605099.SH,605099,
605100,华丰股份,605100.SH,605100,
605108,同庆楼,605108.SH,605108,
605111,新洁能,605111.SH,605111,
605116,奥锐特,605116.SH,605116,
605117,德业股份,605117.SH,605117,
605118,力鼎光电,605118.SH,605118,
605122,四方新材,605122.SH,605122,
605123,派克新材,605123.SH,605123,
605128,上海沿浦,605128.SH,605128,
605133,嵘泰股份,605133.SH,605133,
605136,丽人丽妆,605136.SH,605136,
605138,盛泰集团,605138.SH,605138,
605151,西上海,605151.SH,605151,
605155,西大门,605155.SH,605155,
605158,华达新材,605158.SH,605158,
605162,新中港,605162.SH,605162,
605166,聚合顺,605166.SH,605166,
605167,利柏特,605167.SH,605167,
605168,三人行,605168.SH,605168,
605169,洪通燃气,605169.SH,605169,
605177,东亚药业,605177.SH,605177,
605178,时空科技,605178.SH,605178,
605179,一鸣食品,605179.SH,605179,
605180,华生科技,605180.SH,605180,
605183,确成股份,605183.SH,605183,
605186,健麾信息,605186.SH,605186,
605188,国光连锁,605188.SH,605188,
605189,富春染织,605189.SH,605189,
605196,华通线缆,605196.SH,605196,
605198,安德利,605198.SH,605198,
605199,ST葫芦娃,605199.SH,605199,
605208,永茂泰,605208.SH,605208,
605218,伟时电子,605218.SH,605218,
605222,起帆电缆,605222.SH,605222,
605228,神通科技,605228.SH,605228,
605255,天普股份,605255.SH,605255,
605258,协和电子,605258.SH,605258,
605259,绿田机械,605259.SH,605259,
605266,健之佳,605266.SH,605266,
605268,王力安防,605268.SH,605268,
605277,新亚电子,605277.SH,605277,
605286,同力天启,605286.SH,605286,
605287,德才股份,605287.SH,605287,
605288,凯迪股份,605288.SH,605288,
605289,罗曼股份,605289.SH,605289,
605296,神农集团,605296.SH,605296,
605298,必得科技,605298.SH,605298,
605299,舒华体育,605299.SH,605299,
605300,佳禾食品,605300.SH,605300,
605303,园林股份,605303.SH,605303,
605305,中际联合,605305.SH,605305,
605318,法狮龙,605318.SH,605318,
605319,无锡振华,605319.SH,605319,
605333,沪光股份,605333.SH,605333,
605336,帅丰电器,605336.SH,605336,
605337,李子园,605337.SH,605337,
605338,巴比食品,605338.SH,605338,
605339,南侨食品,605339.SH,605339,
605358,立昂微,605358.SH,605358,
605365,立达信,605365.SH,605365,
605366,宏柏新材,605366.SH,605366,
605368,蓝天燃气,605368.SH,605368,
605369,拱东医疗,605369.SH,605369,
605376,博迁新材,605376.SH,605376,
605377,华旺科技,605377.SH,605377,
605378,野马电池,605378.SH,605378,
605388,均瑶健康,605388.SH,605388,
605389,长龄液压,605389.SH,605389,
605398,新炬网络,605398.SH,605398,
605399,晨光新材,605399.SH,605399,
605488,福莱新材,605488.SH,605488,
605499,东鹏饮料,605499.SH,605499,
605500,森林包装,605500.SH,605500,
605507,国邦医药,605507.SH,605507,
605555,德昌股份,605555.SH,605555,
605566,福莱蒽特,605566.SH,605566,
605567,春雪食品,605567.SH,605567,
605577,龙版传媒,605577.SH,605577,
605580,恒盛能源,605580.SH,605580,
605588,冠石科技,605588.SH,605588,
605589,圣泉集团,605589.SH,605589,
605598,上海港湾,605598.SH,605598,
605599,菜百股份,605599.SH,605599,
688001,华兴源创,688001.SH,688001,
688002,睿创微纳,688002.SH,688002,
688003,天准科技,688003.SH,688003,
688004,博汇科技,688004.SH,688004,
688005,容百科技,688005.SH,688005,
688006,杭可科技,688006.SH,688006,
688007,光峰科技,688007.SH,688007,
688008,澜起科技,688008.SH,688008,
688009,中国通号,688009.SH,688009,
688010,福光股份,688010.SH,688010,
688011,新光光电,688011.SH,688011,
688012,中微公司,688012.SH,688012,
688013,天臣医疗,688013.SH,688013,
688015,交控科技,688015.SH,688015,
688016,心脉医疗,688016.SH,688016,
688017,绿的谐波,688017.SH,688017,
688018,乐鑫科技,688018.SH,688018,
688019,安集科技,688019.SH,688019,
688020,方邦股份,688020.SH,688020,
688021,奥福科技,688021.SH,688021,
688022,瀚川智能,688022.SH,688022,
688023,安恒信息,688023.SH,688023,
688025,杰普特,688025.SH,688025,
688026,洁特生物,688026.SH,688026,
688027,国盾量子,688027.SH,688027,
688028,沃尔德,688028.SH,688028,
688029,南微医学,688029.SH,688029,
688030,山石网科,688030.SH,688030,
688031,星环科技,688031.SH,688031,
688032,禾迈股份,688032.SH,688032,
688033,天宜新材,688033.SH,688033,
688035,德邦科技,688035.SH,688035,
688036,传音控股,688036.SH,688036,
688037,芯源微,688037.SH,688037,
688038,中科通达,688038.SH,688038,
688039,当虹科技,688039.SH,688039,
688041,海光信息,688041.SH,688041,
688045,必易微,688045.SH,688045,
688046,药康生物,688046.SH,688046,
688047,龙芯中科,688047.SH,688047,
688048,长光华芯,688048.SH,688048,
688049,炬芯科技,688049.SH,688049,
688050,爱博医疗,688050.SH,688050,
688051,佳华科技,688051.SH,688051,
688052,纳芯微,688052.SH,688052,
688053,ST思科瑞,688053.SH,688053,
688055,龙腾光电,688055.SH,688055,
688056,莱伯泰科,688056.SH,688056,
688057,金达莱,688057.SH,688057,
688058,宝兰德,688058.SH,688058,
688059,华锐精密,688059.SH,688059,
688060,云涌科技,688060.SH,688060,
688061,灿瑞科技,688061.SH,688061,
688062,迈威生物,688062.SH,688062,
688063,派能科技,688063.SH,688063,
688065,凯赛生物,688065.SH,688065,
688066,航天宏图,688066.SH,688066,
688067,爱威科技,688067.SH,688067,
688068,热景生物,688068.SH,688068,
688069,德林海,688069.SH,688069,
688070,纵横股份,688070.SH,688070,
688071,华依科技,688071.SH,688071,
688072,拓荆科技,688072.SH,688072,
688073,毕得医药,688073.SH,688073,
688075,安旭生物,688075.SH,688075,
688076,ST诺泰,688076.SH,688076,
688077,大地熊,688077.SH,688077,
688078,龙软科技,688078.SH,688078,
688079,美迪凯,688079.SH,688079,
688080,映翰通,688080.SH,688080,
688081,兴图新科,688081.SH,688081,
688082,盛美上海,688082.SH,688082,
688083,中望软件,688083.SH,688083,
688084,晶品特装,688084.SH,688084,
688085,三友医疗,688085.SH,688085,
688087,英科再生,688087.SH,688087,
688088,虹软科技,688088.SH,688088,
688089,嘉必优,688089.SH,688089,
688090,瑞松科技,688090.SH,688090,
688091,上海谊众,688091.SH,688091,
688092,爱科科技,688092.SH,688092,
688093,世华科技,688093.SH,688093,
688095,福昕软件,688095.SH,688095,
688096,京源环保,688096.SH,688096,
688097,博众精工,688097.SH,688097,
688098,申联生物,688098.SH,688098,
688099,晶晨股份,688099.SH,688099,
688100,威胜信息,688100.SH,688100,
688101,三达膜,688101.SH,688101,
688102,斯瑞新材,688102.SH,688102,
688103,国力电子,688103.SH,688103,
688105,诺唯赞,688105.SH,688105,
688106,金宏气体,688106.SH,688106,
688107,安路科技,688107.SH,688107,
688108,赛诺医疗,688108.SH,688108,
688109,品茗科技,688109.SH,688109,
688110,东芯股份,688110.SH,688110,
688111,金山办公,688111.SH,688111,
688112,鼎阳科技,688112.SH,688112,
688113,联测科技,688113.SH,688113,
688114,华大智造,688114.SH,688114,
688115,思林杰,688115.SH,688115,
688116,天奈科技,688116.SH,688116,
688117,圣诺生物,688117.SH,688117,
688118,普元信息,688118.SH,688118,
688119,中钢洛耐,688119.SH,688119,
688120,华海清科,688120.SH,688120,
688121,卓然股份,688121.SH,688121,
688122,西部超导,688122.SH,688122,
688123,聚辰股份,688123.SH,688123,
688125,安达智能,688125.SH,688125,
688126,沪硅产业,688126.SH,688126,
688127,蓝特光学,688127.SH,688127,
688128,中国电研,688128.SH,688128,
688129,东来技术,688129.SH,688129,
688130,晶华微,688130.SH,688130,
688131,皓元医药,688131.SH,688131,
688132,邦彦技术,688132.SH,688132,
688133,泰坦科技,688133.SH,688133,
688135,利扬芯片,688135.SH,688135,
688136,科兴制药,688136.SH,688136,
688137,近岸蛋白,688137.SH,688137,
688138,清溢光电,688138.SH,688138,
688139,海尔生物,688139.SH,688139,
688141,杰华特,688141.SH,688141,
688143,长盈通,688143.SH,688143,
688146,中船特气,688146.SH,688146,
688147,微导纳米,688147.SH,688147,
688148,芳源股份,688148.SH,688148,
688150,莱特光电,688150.SH,688150,
688151,华强科技,688151.SH,688151,
688152,麒麟信安,688152.SH,688152,
688153,唯捷创芯,688153.SH,688153,
688155,先惠技术,688155.SH,688155,
688156,路德科技,688156.SH,688156,
688157,松井股份,688157.SH,688157,
688158,优刻得,688158.SH,688158,
688159,有方科技,688159.SH,688159,
688160,步科股份,688160.SH,688160,
688161,威高骨科,688161.SH,688161,
688162,巨一科技,688162.SH,688162,
688163,赛伦生物,688163.SH,688163,
688165,埃夫特,688165.SH,688165,
688166,博瑞医药,688166.SH,688166,
688167,炬光科技,688167.SH,688167,
688168,安博通,688168.SH,688168,
688169,石头科技,688169.SH,688169,
688170,德龙激光,688170.SH,688170,
688171,纬德信息,688171.SH,688171,
688172,燕东微,688172.SH,688172,
688173,希荻微,688173.SH,688173,
688175,高凌信息,688175.SH,688175,
688176,亚虹医药,688176.SH,688176,
688177,百奥泰,688177.SH,688177,
688178,万德斯,688178.SH,688178,
688179,阿拉丁,688179.SH,688179,
688180,君实生物,688180.SH,688180,
688181,八亿时空,688181.SH,688181,
688182,灿勤科技,688182.SH,688182,
688183,生益电子,688183.SH,688183,
688184,ST帕瓦,688184.SH,688184,
688185,康希诺,688185.SH,688185,
688186,广大特材,688186.SH,688186,
688187,时代电气,688187.SH,688187,
688188,柏楚电子,688188.SH,688188,
688189,南新制药,688189.SH,688189,
688190,云路股份,688190.SH,688190,
688191,智洋创新,688191.SH,688191,
688192,迪哲医药,688192.SH,688192,
688193,仁度生物,688193.SH,688193,
688195,腾景科技,688195.SH,688195,
688196,卓越新能,688196.SH,688196,
688197,首药控股,688197.SH,688197,
688198,佰仁医疗,688198.SH,688198,
688199,久日新材,688199.SH,688199,
688200,华峰测控,688200.SH,688200,
688201,信安世纪,688201.SH,688201,
688202,美迪西,688202.SH,688202,
688203,海正生材,688203.SH,688203,
688205,德科立,688205.SH,688205,
688206,概伦电子,688206.SH,688206,
688207,格灵深瞳,688207.SH,688207,
688208,道通科技,688208.SH,688208,
688209,英集芯,688209.SH,688209,
688210,统联精密,688210.SH,688210,
688211,中科微至,688211.SH,688211,
688212,澳华内镜,688212.SH,688212,
688213,思特威,688213.SH,688213,
688215,瑞晟智能,688215.SH,688215,
688216,气派科技,688216.SH,688216,
688217,睿昂基因,688217.SH,688217,
688218,江苏北人,688218.SH,688218,
688219,会通股份,688219.SH,688219,
688220,翱捷科技,688220.SH,688220,
688221,前沿生物,688221.SH,688221,
688222,成都先导,688222.SH,688222,
688223,晶科能源,688223.SH,688223,
688225,亚信安全,688225.SH,688225,
688226,威腾电气,688226.SH,688226,
688227,品高股份,688227.SH,688227,
688228,开普云,688228.SH,688228,
688229,博睿数据,688229.SH,688229,
688230,芯导科技,688230.SH,688230,
688231,隆达股份,688231.SH,688231,
688232,新点软件,688232.SH,688232,
688233,神工股份,688233.SH,688233,
688234,天岳先进,688234.SH,688234,
688235,百济神州,688235.SH,688235,
688236,春立医疗,688236.SH,688236,
688237,超卓航科,688237.SH,688237,
688238,和元生物,688238.SH,688238,
688239,航宇科技,688239.SH,688239,
688244,永信至诚,688244.SH,688244,
688246,嘉和美康,688246.SH,688246,
688247,宣泰医药,688247.SH,688247,
688248,南网科技,688248.SH,688248,
688249,晶合集成,688249.SH,688249,
688251,井松智能,688251.SH,688251,
688252,天德钰,688252.SH,688252,
688253,英诺特,688253.SH,688253,
688255,凯尔达,688255.SH,688255,
688256,寒武纪,688256.SH,688256,
688257,新锐股份,688257.SH,688257,
688258,卓易信息,688258.SH,688258,
688259,创耀科技,688259.SH,688259,
688260,昀冢科技,688260.SH,688260,
688261,东微半导,688261.SH,688261,
688262,国芯科技,688262.SH,688262,
688265,南模生物,688265.SH,688265,
688266,泽璟制药,688266.SH,688266,
688267,中触媒,688267.SH,688267,
688268,华特气体,688268.SH,688268,
688269,凯立新材,688269.SH,688269,
688270,臻镭科技,688270.SH,688270,
688271,联影医疗,688271.SH,688271,
688272,富吉瑞,688272.SH,688272,
688273,麦澜德,688273.SH,688273,
688275,万润新能,688275.SH,688275,
688276,百克生物,688276.SH,688276,
688277,天智航,688277.SH,688277,
688278,特宝生物,688278.SH,688278,
688279,峰岹科技,688279.SH,688279,
688280,精进电动,688280.SH,688280,
688281,华秦科技,688281.SH,688281,
688282,理工导航,688282.SH,688282,
688283,坤恒顺维,688283.SH,688283,
688285,高铁电气,688285.SH,688285,
688286,敏芯股份,688286.SH,688286,
688287,*ST观典,688287.SH,688287,
688288,鸿泉技术,688288.SH,688288,
688289,圣湘生物,688289.SH,688289,
688290,景业智能,688290.SH,688290,
688291,金橙子,688291.SH,688291,
688292,浩瀚深度,688292.SH,688292,
688293,奥浦迈,688293.SH,688293,
688295,中复神鹰,688295.SH,688295,
688296,和达科技,688296.SH,688296,
688297,中无人机,688297.SH,688297,
688298,东方生物,688298.SH,688298,
688299,长阳科技,688299.SH,688299,
688300,联瑞新材,688300.SH,688300,
688301,奕瑞科技,688301.SH,688301,
688302,海创药业,688302.SH,688302,
688303,大全能源,688303.SH,688303,
688305,科德数控,688305.SH,688305,
688306,均普智能,688306.SH,688306,
688307,中润光学,688307.SH,688307,
688308,欧科亿,688308.SH,688308,
688309,恒誉环保,688309.SH,688309,
688310,迈得医疗,688310.SH,688310,
688311,盟升电子,688311.SH,688311,
688312,燕麦科技,688312.SH,688312,
688313,仕佳光子,688313.SH,688313,
688314,康拓医疗,688314.SH,688314,
688315,诺禾致源,688315.SH,688315,
688316,青云科技,688316.SH,688316,
688317,之江生物,688317.SH,688317,
688318,财富趋势,688318.SH,688318,
688319,欧林生物,688319.SH,688319,
688320,禾川科技,688320.SH,688320,
688321,微芯生物,688321.SH,688321,
688322,奥比中光,688322.SH,688322,
688323,瑞华泰,688323.SH,688323,
688325,赛微微电,688325.SH,688325,
688326,经纬恒润,688326.SH,688326,
688327,云从科技,688327.SH,688327,
688328,深科达,688328.SH,688328,
688329,艾隆科技,688329.SH,688329,
688330,宏力达,688330.SH,688330,
688331,荣昌生物,688331.SH,688331,
688332,中科蓝讯,688332.SH,688332,
688333,铂力特,688333.SH,688333,
688334,西高院,688334.SH,688334,
688335,复洁科技,688335.SH,688335,
688336,三生国健,688336.SH,688336,
688337,普源精电,688337.SH,688337,
688338,赛科希德,688338.SH,688338,
688339,亿华通,688339.SH,688339,
688343,云天励飞,688343.SH,688343,
688345,博力威,688345.SH,688345,
688347,华虹公司,688347.SH,688347,
688348,昱能科技,688348.SH,688348,
688349,三一重能,688349.SH,688349,
688350,富淼科技,688350.SH,688350,
688351,微电生理,688351.SH,688351,
688352,颀中科技,688352.SH,688352,
688353,华盛锂电,688353.SH,688353,
688355,明志科技,688355.SH,688355,
688356,键凯科技,688356.SH,688356,
688357,建龙微纳,688357.SH,688357,
688358,祥生医疗,688358.SH,688358,
688359,三孚新科,688359.SH,688359,
688360,德马科技,688360.SH,688360,
688361,中科飞测,688361.SH,688361,
688362,甬矽电子,688362.SH,688362,
688363,华熙生物,688363.SH,688363,
688365,光云科技,688365.SH,688365,
688366,昊海生科,688366.SH,688366,
688367,工大高科,688367.SH,688367,
688368,晶丰明源,688368.SH,688368,
688369,致远互联,688369.SH,688369,
688370,丛麟科技,688370.SH,688370,
688371,菲沃泰,688371.SH,688371,
688372,伟测科技,688372.SH,688372,
688373,盟科药业,688373.SH,688373,
688375,国博电子,688375.SH,688375,
688376,美埃科技,688376.SH,688376,
688377,迪威尔,688377.SH,688377,
688378,奥来德,688378.SH,688378,
688379,华光新材,688379.SH,688379,
688380,中微半导,688380.SH,688380,
688381,帝奥微,688381.SH,688381,
688382,益方生物,688382.SH,688382,
688383,新益昌,688383.SH,688383,
688385,复旦微电,688385.SH,688385,
688386,泛亚微透,688386.SH,688386,
688387,信科移动,688387.SH,688387,
688388,嘉元科技,688388.SH,688388,
688389,普门科技,688389.SH,688389,
688390,固德威,688390.SH,688390,
688391,钜泉科技,688391.SH,688391,
688392,骄成超声,688392.SH,688392,
688393,安必平,688393.SH,688393,
688395,正弦电气,688395.SH,688395,
688396,华润微,688396.SH,688396,
688398,赛特新材,688398.SH,688398,
688399,硕世生物,688399.SH,688399,
688400,凌云光,688400.SH,688400,
688401,路维光电,688401.SH,688401,
688403,汇成股份,688403.SH,688403,
688408,中信博,688408.SH,688408,
688409,富创精密,688409.SH,688409,
688410,山外山,688410.SH,688410,
688411,海博思创,688411.SH,688411,
688416,恒烁股份,688416.SH,688416,
688418,震有科技,688418.SH,688418,
688419,耐科装备,688419.SH,688419,
688420,美腾科技,688420.SH,688420,
688425,铁建重工,688425.SH,688425,
688426,康为世纪,688426.SH,688426,
688428,诺诚健华,688428.SH,688428,
688429,时创能源,688429.SH,688429,
688432,有研硅,688432.SH,688432,
688433,华曙高科,688433.SH,688433,
688435,英方软件,688435.SH,688435,
688439,振华风光,688439.SH,688439,
688443,智翔金泰,688443.SH,688443,
688448,磁谷科技,688448.SH,688448,
688449,联芸科技,688449.SH,688449,
688450,光格科技,688450.SH,688450,
688455,科捷智能,688455.SH,688455,
688456,有研粉材,688456.SH,688456,
688458,美芯晟,688458.SH,688458,
688459,哈铁科技,688459.SH,688459,
688466,金科环境,688466.SH,688466,
688468,科美诊断,688468.SH,688468,
688469,芯联集成,688469.SH,688469,
688472,阿特斯,688472.SH,688472,
688475,萤石网络,688475.SH,688475,
688478,晶升股份,688478.SH,688478,
688479,友车科技,688479.SH,688479,
688480,赛恩斯,688480.SH,688480,
688484,南芯科技,688484.SH,688484,
688485,九州一轨,688485.SH,688485,
688486,龙迅股份,688486.SH,688486,
688488,艾迪药业,688488.SH,688488,
688489,三未信安,688489.SH,688489,
688496,清越科技,688496.SH,688496,
688498,源杰科技,688498.SH,688498,
688499,利元亨,688499.SH,688499,
688500,慧辰股份,688500.SH,688500,
688501,青达环保,688501.SH,688501,
688502,茂莱光学,688502.SH,688502,
688503,聚和材料,688503.SH,688503,
688505,复旦张江,688505.SH,688505,
688506,百利天恒,688506.SH,688506,
688507,索辰科技,688507.SH,688507,
688508,芯朋微,688508.SH,688508,
688509,正元地信,688509.SH,688509,
688510,航亚科技,688510.SH,688510,
688511,*ST天微,688511.SH,688511,
688512,慧智微,688512.SH,688512,
688513,苑东生物,688513.SH,688513,
688515,裕太微,688515.SH,688515,
688516,奥特维,688516.SH,688516,
688517,金冠电气,688517.SH,688517,
688518,联赢激光,688518.SH,688518,
688519,南亚新材,688519.SH,688519,
688520,神州细胞,688520.SH,688520,
688521,芯原股份,688521.SH,688521,
688522,纳睿雷达,688522.SH,688522,
688523,航天环宇,688523.SH,688523,
688525,佰维存储,688525.SH,688525,
688526,科前生物,688526.SH,688526,
688528,秦川物联,688528.SH,688528,
688529,豪森智能,688529.SH,688529,
688530,欧莱新材,688530.SH,688530,
688531,日联科技,688531.SH,688531,
688533,上声电子,688533.SH,688533,
688535,华海诚科,688535.SH,688535,
688536,思瑞浦,688536.SH,688536,
688538,和辉光电,688538.SH,688538,
688539,高华科技,688539.SH,688539,
688543,国科军工,688543.SH,688543,
688545,兴福电子,688545.SH,688545,
688548,广钢气体,688548.SH,688548,
688549,中巨芯,688549.SH,688549,
688550,瑞联新材,688550.SH,688550,
688551,科威尔,688551.SH,688551,
688552,航天南湖,688552.SH,688552,
688553,汇宇制药,688553.SH,688553,
688556,高测股份,688556.SH,688556,
688557,兰剑智能,688557.SH,688557,
688558,国盛智科,688558.SH,688558,
688559,海目星,688559.SH,688559,
688560,明冠新材,688560.SH,688560,
688561,奇安信,688561.SH,688561,
688562,航天软件,688562.SH,688562,
688563,航材股份,688563.SH,688563,
688565,力源科技,688565.SH,688565,
688566,吉贝尔,688566.SH,688566,
688567,孚能科技,688567.SH,688567,
688568,中科星图,688568.SH,688568,
688569,铁科轨道,688569.SH,688569,
688570,天玛智控,688570.SH,688570,
688571,杭华股份,688571.SH,688571,
688573,信宇人,688573.SH,688573,
688575,亚辉龙,688575.SH,688575,
688576,西山科技,688576.SH,688576,
688577,浙海德曼,688577.SH,688577,
688578,艾力斯,688578.SH,688578,
688579,地纬智能,688579.SH,688579,
688580,伟思医疗,688580.SH,688580,
688581,安杰思,688581.SH,688581,
688582,芯动联科,688582.SH,688582,
688583,思看科技,688583.SH,688583,
688584,上海合晶,688584.SH,688584,
688585,上纬新材,688585.SH,688585,
688586,江航装备,688586.SH,688586,
688588,凌志软件,688588.SH,688588,
688589,力合微,688589.SH,688589,
688590,新致软件,688590.SH,688590,
688591,泰凌微,688591.SH,688591,
688592,司南导航,688592.SH,688592,
688593,新相微,688593.SH,688593,
688595,芯海科技,688595.SH,688595,
688596,正帆科技,688596.SH,688596,
688597,煜邦电力,688597.SH,688597,
688598,金博股份,688598.SH,688598,
688599,天合光能,688599.SH,688599,
688600,皖仪科技,688600.SH,688600,
688601,力芯微,688601.SH,688601,
688602,康鹏科技,688602.SH,688602,
688603,天承科技,688603.SH,688603,
688605,先锋精科,688605.SH,688605,
688606,奥泰生物,688606.SH,688606,
688607,康众医疗,688607.SH,688607,
688608,恒玄科技,688608.SH,688608,
688609,九联科技,688609.SH,688609,
688610,埃科光电,688610.SH,688610,
688611,杭州柯林,688611.SH,688611,
688612,威迈斯,688612.SH,688612,
688613,奥精医疗,688613.SH,688613,
688615,合合信息,688615.SH,688615,
688616,西力科技,688616.SH,688616,
688617,惠泰医疗,688617.SH,688617,
688618,三旺通信,688618.SH,688618,
688619,罗普特,688619.SH,688619,
688620,安凯微,688620.SH,688620,
688621,阳光诺和,688621.SH,688621,
688622,禾信仪器,688622.SH,688622,
688623,双元科技,688623.SH,688623,
688625,呈和科技,688625.SH,688625,
688626,翔宇医疗,688626.SH,688626,
688627,精智达,688627.SH,688627,
688628,优利德,688628.SH,688628,
688629,华丰科技,688629.SH,688629,
688630,芯碁微装,688630.SH,688630,
688631,莱斯信息,688631.SH,688631,
688633,星球石墨,688633.SH,688633,
688636,智明达,688636.SH,688636,
688638,誉辰智能,688638.SH,688638,
688639,华恒生物,688639.SH,688639,
688646,ST逸飞,688646.SH,688646,
688648,中邮科技,688648.SH,688648,
688651,盛邦安全,688651.SH,688651,
688652,京仪装备,688652.SH,688652,
688653,康希通信,688653.SH,688653,
688655,迅捷兴,688655.SH,688655,
688656,浩欧博,688656.SH,688656,
688657,浩辰软件,688657.SH,688657,
688658,悦康药业,688658.SH,688658,
688659,元琛科技,688659.SH,688659,
688660,电气风电,688660.SH,688660,
688661,和林微纳,688661.SH,688661,
688662,富信科技,688662.SH,688662,
688663,新风光,688663.SH,688663,
688665,四方光电,688665.SH,688665,
688667,菱电电控,688667.SH,688667,
688668,鼎通科技,688668.SH,688668,
688669,聚石化学,688669.SH,688669,
688670,金迪克,688670.SH,688670,
688671,碧兴物联,688671.SH,688671,
688676,金盘科技,688676.SH,688676,
688677,海泰新光,688677.SH,688677,
688678,福立旺,688678.SH,688678,
688679,通源环境,688679.SH,688679,
688680,海优新材,688680.SH,688680,
688681,科汇股份,688681.SH,688681,
688682,霍莱沃,688682.SH,688682,
688683,莱尔科技,688683.SH,688683,
688685,迈信林,688685.SH,688685,
688686,奥普特,688686.SH,688686,
688687,凯因科技,688687.SH,688687,
688689,银河微电,688689.SH,688689,
688690,纳微科技,688690.SH,688690,
688691,灿芯股份,688691.SH,688691,
688692,达梦数据,688692.SH,688692,
688693,锴威特,688693.SH,688693,
688695,中创股份,688695.SH,688695,
688696,极米科技,688696.SH,688696,
688697,纽威数控,688697.SH,688697,
688698,伟创电气,688698.SH,688698,
688699,明微电子,688699.SH,688699,
688700,东威科技,688700.SH,688700,
688701,卓锦股份,688701.SH,688701,
688702,盛科通信,688702.SH,688702,
688707,振华新材,688707.SH,688707,
688708,佳驰科技,688708.SH,688708,
688709,成都华微,688709.SH,688709,
688710,益诺思,688710.SH,688710,
688711,宏微科技,688711.SH,688711,
688712,北芯生命,688712.SH,688712,
688716,中研股份,688716.SH,688716,
688717,艾罗能源,688717.SH,688717,
688718,唯赛勃,688718.SH,688718,
688719,爱科赛博,688719.SH,688719,
688720,艾森股份,688720.SH,688720,
688721,龙图光罩,688721.SH,688721,
688722,同益中,688722.SH,688722,
688726,拉普拉斯,688726.SH,688726,
688727,恒坤新材,688727.SH,688727,
688728,格科微,688728.SH,688728,
688729,屹唐股份,688729.SH,688729,
688733,壹石通,688733.SH,688733,
688737,中自科技,688737.SH,688737,
688739,成大生物,688739.SH,688739,
688750,金天钛业,688750.SH,688750,
688755,汉邦科技,688755.SH,688755,
688757,胜科纳米,688757.SH,688757,
688758,赛分科技,688758.SH,688758,
688759,必贝特,688759.SH,688759,
688765,禾元生物,688765.SH,688765,
688766,普冉股份,688766.SH,688766,
688767,博拓生物,688767.SH,688767,
688768,容知日新,688768.SH,688768,
688772,珠海冠宇,688772.SH,688772,
688775,影石创新,688775.SH,688775,
688776,国光电气,688776.SH,688776,
688777,中控技术,688777.SH,688777,
688778,厦钨新能,688778.SH,688778,
688779,五矿新能,688779.SH,688779,
688781,视涯科技,688781.SH,688781,
688783,西安奕材,688783.SH,688783,
688785,恒运昌,688785.SH,688785,
688786,悦安新材,688786.SH,688786,
688787,海天瑞声,688787.SH,688787,
688788,科思科技,688788.SH,688788,
688789,宏华数科,688789.SH,688789,
688790,昂瑞微,688790.SH,688790,
688793,倍轻松,688793.SH,688793,
688795,摩尔线程,688795.SH,688795,
688796,百奥赛图,688796.SH,688796,
688798,艾为电子,688798.SH,688798,
688799,华纳药厂,688799.SH,688799,
688800,瑞可达,688800.SH,688800,
688802,沐曦股份,688802.SH,688802,
688805,健信超导,688805.SH,688805,
688807,优迅股份,688807.SH,688807,
688809,强一股份,688809.SH,688809,
688811,有研复材,688811.SH,688811,
688813,泰金新能,688813.SH,688813,
688816,易思维,688816.SH,688816,
688818,电科蓝天,688818.SH,688818,
688819,天能股份,688819.SH,688819,
688981,中芯国际,688981.SH,688981,
689009,九号公司,689009.SZ,689009,
920000,安徽凤凰,920000.SZ,920000,
920001,纬达光电,920001.SZ,920001,
920002,万达轴承,920002.SZ,920002,
920003,中诚咨询,920003.SZ,920003,
920005,鼎佳精密,920005.SZ,920005,
920006,晟楠科技,920006.SZ,920006,
920007,酉立智能,920007.SZ,920007,
920008,成电光信,920008.SZ,920008,
920009,丹娜生物,920009.SZ,920009,
920010,凯添燃气,920010.SZ,920010,
920011,晨光电机,920011.SZ,920011,
920012,创达新材,920012.SZ,920012,
920014,特瑞斯,920014.SZ,920014,
920015,锦华新材,920015.SZ,920015,
920016,中草香料,920016.SZ,920016,
920017,星昊医药,920017.SZ,920017,
920018,宏远股份,920018.SZ,920018,
920019,铜冠矿建,920019.SZ,920019,
920020,泰凯英,920020.SZ,920020,
920021,流金科技,920021.SZ,920021,
920022,世昌股份,920022.SZ,920022,
920023,田野股份,920023.SZ,920023,
920026,卓兆点胶,920026.SZ,920026,
920027,交大铁发,920027.SZ,920027,
920028,新恒泰,920028.SZ,920028,
920029,开发科技,920029.SZ,920029,
920030,德众汽车,920030.SZ,920030,
920033,康普化学,920033.SZ,920033,
920035,精创电气,920035.SZ,920035,
920036,觅睿科技,920036.SZ,920036,
920037,广信科技,920037.SZ,920037,
920039,国义招标,920039.SZ,920039,
920045,蘅东光,920045.SZ,920045,
920046,亿能电力,920046.SZ,920046,
920047,诺思兰德,920047.SZ,920047,
920050,爱舍伦,920050.SZ,920050,
920055,隆源股份,920055.SZ,920055,
920056,能之光,920056.SZ,920056,
920057,百甲科技,920057.SZ,920057,
920058,华洋赛车,920058.SZ,920058,
920060,万源通,920060.SZ,920060,
920061,西磁科技,920061.SZ,920061,
920062,科润智控,920062.SZ,920062,
920066,科拜尔,920066.SZ,920066,
920068,天工股份,920068.SZ,920068,
920069,普昂医疗,920069.SZ,920069,
920075,柏星龙,920075.SZ,920075,
920076,国亮新材,920076.SZ,920076,
920077,吉林碳谷,920077.SZ,920077,
920078,族兴新材,920078.SZ,920078,
920080,奥美森,920080.SZ,920080,
920082,方正阀门,920082.SZ,920082,
920086,科马材料,920086.SZ,920086,
920087,秋乐种业,920087.SZ,920087,
920088,科力股份,920088.SZ,920088,
920089,禾昌聚合,920089.SZ,920089,
920090,同辉信息,920090.SZ,920090,
920091,大鹏工业,920091.SZ,920091,
920092,汉鑫科技,920092.SZ,920092,
920098,科隆新材,920098.SZ,920098,
920099,瑞华技术,920099.SZ,920099,
920100,三协电机,920100.SZ,920100,
920101,志高机械,920101.SZ,920101,
920106,林泰新材,920106.SZ,920106,
920108,宏海科技,920108.SZ,920108,
920110,雷特科技,920110.SZ,920110,
920111,聚星科技,920111.SZ,920111,
920112,巴兰仕,920112.SZ,920112,
920116,星图测控,920116.SZ,920116,
920118,太湖远大,920118.SZ,920118,
920119,美德乐,920119.SZ,920119,
920121,江天科技,920121.SZ,920121,
920122,中纺标,920122.SZ,920122,
920123,芭薇股份,920123.SZ,920123,
920124,南特科技,920124.SZ,920124,
920128,胜业电气,920128.SZ,920128,
920130,立方控股,920130.SZ,920130,
920132,泰鹏智能,920132.SZ,920132,
920139,华岭股份,920139.SZ,920139,
920145,恒合股份,920145.SZ,920145,
920146,华阳变速,920146.SZ,920146,
920149,旭杰科技,920149.SZ,920149,
920152,昆工科技,920152.SZ,920152,
920158,长江能科,920158.SZ,920158,
920159,农大科技,920159.SZ,920159,
920160,北矿检测,920160.SZ,920160,
920163,方大新材,920163.SZ,920163,
920166,海圣医疗,920166.SZ,920166,
920167,同享科技,920167.SZ,920167,
920168,通宝光电,920168.SZ,920168,
920169,七丰精工,920169.SZ,920169,
920171,志晟信息,920171.SZ,920171,
920174,五新隧装,920174.SZ,920174,
920175,东方碳素,920175.SZ,920175,
920177,恒道科技,920177.SZ,920177,
920179,凯德石英,920179.SZ,920179,
920180,爱得科技,920180.SZ,920180,
920181,赛英电子,920181.SZ,920181,
920183,海菲曼,920183.SZ,920183,
920184,国源科技,920184.SZ,920184,
920185,贝特瑞,920185.SZ,920185,
920187,通领科技,920187.SZ,920187,
920188,悦龙科技,920188.SZ,920188,
920190,雷神科技,920190.SZ,920190,
920195,三祥科技,920195.SZ,920195,
920198,微创光电,920198.SZ,920198,
920199,倍益康,920199.SZ,920199,
920204,沪江材料,920204.SZ,920204,
920207,众诚科技,920207.SZ,920207,
920208,青矩技术,920208.SZ,920208,
920212,智新电子,920212.SZ,920212,
920221,易实精密,920221.SZ,920221,
920223,荣亿精密,920223.SZ,920223,
920225,利通科技,920225.SZ,920225,
920227,美登科技,920227.SZ,920227,
920230,欧康医药,920230.SZ,920230,
920237,力佳科技,920237.SZ,920237,
920239,长虹能源,920239.SZ,920239,
920242,建邦科技,920242.SZ,920242,
920245,威博液压,920245.SZ,920245,
920247,华密新材,920247.SZ,920247,
920249,利尔达,920249.SZ,920249,
920252,天宏锂电,920252.SZ,920252,
920260,中寰股份,920260.SZ,920260,
920261,一诺威,920261.SZ,920261,
920262,太湖雪,920262.SZ,920262,
920263,中航泰达,920263.SZ,920263,
920266,生物谷,920266.SZ,920266,
920267,鑫汇科,920267.SZ,920267,
920270,天铭科技,920270.SZ,920270,
920271,邦德股份,920271.SZ,920271,
920273,一致魔芋,920273.SZ,920273,
920274,宏裕包材,920274.SZ,920274,
920275,驱动力,920275.SZ,920275,
920278,鹿得医疗,920278.SZ,920278,
920284,灵鸽科技,920284.SZ,920284,
920299,灿能电力,920299.SZ,920299,
920300,辰光医疗,920300.SZ,920300,
920304,迪尔化工,920304.SZ,920304,
920305,*ST云创,920305.SZ,920305,
920339,恒太照明,920339.SZ,920339,
920344,三元基因,920344.SZ,920344,
920346,威贸电子,920346.SZ,920346,
920351,华光源海,920351.SZ,920351,
920357,雅葆轩,920357.SZ,920357,
920363,莱赛激光,920363.SZ,920363,
920367,新赣江,920367.SZ,920367,
920368,连城数控,920368.SZ,920368,
920370,新安洁,920370.SZ,920370,
920371,欧福蛋业,920371.SZ,920371,
920374,云里物里,920374.SZ,920374,
920375,派诺科技,920375.SZ,920375,
920378,泰德股份,920378.SZ,920378,
920392,佳合科技,920392.SZ,920392,
920394,民士达,920394.SZ,920394,
920395,朗鸿科技,920395.SZ,920395,
920396,常辅股份,920396.SZ,920396,
920402,硅烷科技,920402.SZ,920402,
920403,康农种业,920403.SZ,920403,
920405,海希通讯,920405.SZ,920405,
920407,驰诚股份,920407.SZ,920407,
920414,欧普泰,920414.SZ,920414,
920415,恒拓开源,920415.SZ,920415,
920418,苏轴股份,920418.SZ,920418,
920419,路斯股份,920419.SZ,920419,
920422,润普食品,920422.SZ,920422,
920425,乐创技术,920425.SZ,920425,
920427,华维设计,920427.SZ,920427,
920429,康比特,920429.SZ,920429,
920433,大唐药业,920433.SZ,920433,
920436,大地电气,920436.SZ,920436,
920438,戈碧迦,920438.SZ,920438,
920445,龙竹科技,920445.SZ,920445,
920454,同心传动,920454.SZ,920454,
920455,汇隆活塞,920455.SZ,920455,
920469,富恒新材,920469.SZ,920469,
920471,美邦科技,920471.SZ,920471,
920475,三友科技,920475.SZ,920475,
920476,海能技术,920476.SZ,920476,
920478,峆一药业,920478.SZ,920478,
920489,佳先股份,920489.SZ,920489,
920491,奥迪威,920491.SZ,920491,
920493,并行科技,920493.SZ,920493,
920496,许昌智能,920496.SZ,920496,
920504,博迅生物,920504.SZ,920504,
920505,九菱科技,920505.SZ,920505,
920508,殷图网联,920508.SZ,920508,
920509,同惠电子,920509.SZ,920509,
920510,丰光精密,920510.SZ,920510,
920519,万德股份,920519.SZ,920519,
920522,纳科诺尔,920522.SZ,920522,
920523,德瑞锂电,920523.SZ,920523,
920526,凯华材料,920526.SZ,920526,
920527,夜光明,920527.SZ,920527,
920533,骏创科技,920533.SZ,920533,
920541,铁大科技,920541.SZ,920541,
920547,无锡晶海,920547.SZ,920547,
920553,凯腾精工,920553.SZ,920553,
920556,雅达股份,920556.SZ,920556,
920564,天润科技,920564.SZ,920564,
920566,梓橦宫,920566.SZ,920566,
920570,坤博精工,920570.SZ,920570,
920571,国航远洋,920571.SZ,920571,
920575,康乐卫士,920575.SZ,920575,
920576,天力复合,920576.SZ,920576,
920578,巨能股份,920578.SZ,920578,
920579,机科股份,920579.SZ,920579,
920580,科创新材,920580.SZ,920580,
920592,华信永道,920592.SZ,920592,
920593,鼎智科技,920593.SZ,920593,
920599,同力股份,920599.SZ,920599,
920608,丰安股份,920608.SZ,920608,
920627,力王股份,920627.SZ,920627,
920634,新威凌,920634.SZ,920634,
920639,晨光电缆,920639.SZ,920639,
920640,富士达,920640.SZ,920640,
920641,格利尔,920641.SZ,920641,
920642,通易航天,920642.SZ,920642,
920651,天罡股份,920651.SZ,920651,
920656,海昇药业,920656.SZ,920656,
920662,方盛股份,920662.SZ,920662,
920663,明阳科技,920663.SZ,920663,
920665,科强股份,920665.SZ,920665,
920670,数字人,920670.SZ,920670,
920675,秉扬科技,920675.SZ,920675,
920679,前进科技,920679.SZ,920679,
920682,球冠电缆,920682.SZ,920682,
920685,新芝生物,920685.SZ,920685,
920689,克莱特,920689.SZ,920689,
920690,捷众科技,920690.SZ,920690,
920693,阿为特,920693.SZ,920693,
920694,中裕科技,920694.SZ,920694,
920699,海达尔,920699.SZ,920699,
920701,豪声电子,920701.SZ,920701,
920703,广厦环能,920703.SZ,920703,
920706,铁拓机械,920706.SZ,920706,
920717,瑞星股份,920717.SZ,920717,
920718,合肥高科,920718.SZ,920718,
920719,宁新新材,920719.SZ,920719,
920720,吉冈精密,920720.SZ,920720,
920725,惠丰钻石,920725.SZ,920725,
920726,朱老六,920726.SZ,920726,
920729,永顺生物,920729.SZ,920729,
920735,德源药业,920735.SZ,920735,
920748,路桥信息,920748.SZ,920748,
920751,惠同新材,920751.SZ,920751,
920753,天纺标,920753.SZ,920753,
920765,美之高,920765.SZ,920765,
920768,拾比佰,920768.SZ,920768,
920770,艾能聚,920770.SZ,920770,
920779,武汉蓝电,920779.SZ,920779,
920781,瑞奇智造,920781.SZ,920781,
920786,骑士乳业,920786.SZ,920786,
920790,联迪信息,920790.SZ,920790,
920792,东和新材,920792.SZ,920792,
920799,艾融软件,920799.SZ,920799,
920802,保丽洁,920802.SZ,920802,
920806,云星宇,920806.SZ,920806,
920807,奔朗新材,920807.SZ,920807,
920808,曙光数创,920808.SZ,920808,
920809,安达科技,920809.SZ,920809,
920810,春光智能,920810.SZ,920810,
920819,颖泰生物,920819.SZ,920819,
920821,则成电子,920821.SZ,920821,
920826,盖世食品,920826.SZ,920826,
920832,齐鲁华信,920832.SZ,920832,
920833,美心翼申,920833.SZ,920833,
920834,三维装备,920834.SZ,920834,
920837,华原股份,920837.SZ,920837,
920839,万通液压,920839.SZ,920839,
920855,浙江大农,920855.SZ,920855,
920856,浩淼科技,920856.SZ,920856,
920857,泓禧科技,920857.SZ,920857,
920866,绿亨科技,920866.SZ,920866,
920870,恒进感应,920870.SZ,920870,
920871,派特尔,920871.SZ,920871,
920873,中设咨询,920873.SZ,920873,
920876,慧为智能,920876.SZ,920876,
920879,基康技术,920879.SZ,920879,
920885,星辰科技,920885.SZ,920885,
920892,广咨国际,920892.SZ,920892,
920895,花溪科技,920895.SZ,920895,
920896,旺成科技,920896.SZ,920896,
920906,舜宇精工,920906.SZ,920906,
920914,远航精密,920914.SZ,920914,
920924,广脉科技,920924.SZ,920924,
920925,锦好医疗,920925.SZ,920925,
920926,鸿智科技,920926.SZ,920926,
920931,无锡鼎邦,920931.SZ,920931,
920932,科达自控,920932.SZ,920932,
920942,恒立钻具,920942.SZ,920942,
920943,优机股份,920943.SZ,920943,
920946,森萱医药,920946.SZ,920946,
920950,迅安科技,920950.SZ,920950,
920953,国子软件,920953.SZ,920953,
920957,汉维科技,920957.SZ,920957,
920961,创远信科,920961.SZ,920961,
920964,润农节水,920964.SZ,920964,
920970,大禹生物,920970.SZ,920970,
920971,天马新材,920971.SZ,920971,
920974,凯大催化,920974.SZ,920974,
920976,视声智能,920976.SZ,920976,
920978,开特股份,920978.SZ,920978,
920981,晶赛科技,920981.SZ,920981,
920982,锦波生物,920982.SZ,920982,
920985,海泰新能,920985.SZ,920985,
920992,中科美菱,920992.SZ,920992,
